Music_Title,Genre,Artist,BPM,MAS_Level,MAS_Const,ULT_Level,ULT_Const
B.B.K.K.B.K.K.,VARIETY,nora2r,170,12.5,12.5,13.5,13.7
Reach For The Stars,VARIETY,ソニック カラーズ,203,13.0,13.1,13.5,13.7
初音ミクの消失,niconico,cosMo＠暴走P,240,14.5,14.5,,
千本桜,niconico,黒うさP,154,12.5,12.6,13.5,13.9
DRAGONLADY,VARIETY,Nankumo/CUBE3,150,14.0,14.2,,
taboo tears you up,東方Project,REDALiCE (HARDCORE TANO*C),180,13.5,13.8,,
ナイト・オブ・ナイツ,東方Project,ビートまりお,188,12.0,12.2,,
一触即発☆禅ガール,niconico,れるりり,190,13.0,13.0,,
ドーナツホール,niconico,ハチ,252,13.0,13.4,,
タイガーランペイジ,niconico,sasakure.UK,150,13.5,13.7,,
Blue Noise,VARIETY,from PACA PACA PASSION,150,14.5,14.5,,
Lapis,VARIETY,SHIKI,146,13.0,13.1,,
鳥の詩,POPS&ANIME,Lia「AIR」,122,11.0,11.3,12.0,12.2
天ノ弱,niconico,164,200,11.0,11.1,,
sweet little sister,東方Project,Silver Forest,168,11.5,11.7,,
L9,VARIETY,paraoka,252,13.5,13.6,14.5,14.8
Bad Apple!! feat.nomico,東方Project,Masayoshi Minoshima,138,11.5,11.5,,
六兆年と一夜物語,niconico,kemu,186,13.0,13.4,14.0,14.1
Unlimited Spark!,東方Project,t+pazolite feat.鈴木 ななこ,185,12.0,12.0,14.0,14.2
エピクロスの虹はもう見えない,東方Project,SYNC.ART'S feat.美里,155,11.0,11.0,,
My First Phone,ORIGINAL,cubesato,114,14.0,14.0,,
Cyberozar,ORIGINAL,削除,186,14.0,14.2,,
Teriqma,ORIGINAL,owl＊tree,128,13.0,13.0,,
Invitation,ORIGINAL,れるりり feat.ろん,147,11.5,11.8,,
GOLDEN RULE,ORIGINAL,Morrigan,165,14.5,14.6,,
名も無い鳥,ORIGINAL,六弦アリス,180,13.0,13.4,,
Gate of Fate,ORIGINAL,Godspeed,128,14.5,14.6,14.5,14.9
今ぞ♡崇め奉れ☆オマエらよ！！～姫の秘メタル渇望～,ORIGINAL,あべにゅうぷろじぇくと feat.佐倉 紗織　produced by ave;new,214,14.0,14.0,,
Anemone,ORIGINAL,ESTi,140,11.0,11.1,13.0,13.1
明るい未来,ORIGINAL,豚乙女,228,12.5,12.8,,
昵懇レファレンス,ORIGINAL,halyosy,178,11.5,11.5,13.0,13.1
乗り切れ受験ウォーズ,ORIGINAL,solfa feat.茶太,161,11.5,11.5,,
The wheel to the right,ORIGINAL,Sampling Masters MEGA,200,14.0,14.4,,
STAR,ORIGINAL,SEXY-SYNTHESIZER,136,13.0,13.1,,
Infantoon Fantasy,ORIGINAL,t+pazolite,185,13.0,13.0,14.0,14.2
Genesis,ORIGINAL,Morrigan feat.Lily,150,14.5,14.5,,
MUSIC PЯAYER,ORIGINAL,A-One,168,14.0,14.0,,
リリーシア,ORIGINAL,TaNaBaTa,167,11.0,11.0,12.5,12.6
Counselor,ORIGINAL,DECO*27 feat.echo,135,12.0,12.3,,
luna blu,ORIGINAL,WASi303,160,14.5,14.5,,
ケモノガル,ORIGINAL,ゼッケン屋,205,13.5,13.8,,
ＧＯ！ＧＯ！ラブリズム♥,ORIGINAL,片霧烈火オンザみんマンション,176,11.5,11.8,,
Grab your sword,ORIGINAL,古代 祐三,138,10.0,10.4,,
Memories of Sun and Moon,ORIGINAL,Aiko Oi,110,13.5,13.5,,
ロストワンの号哭,niconico,Neru,162,13.0,13.0,14.0,14.2
The Concept of Love,VARIETY,長沼 英樹,122,13.0,13.2,,
JET,VARIETY,from PACA PACA PASSION Special,164,12.0,12.3,13.5,13.5
L'épisode,ORIGINAL,Osamu Kubota,118,14.5,14.7,,
Yet Another ”drizzly rain”,東方Project,myu314 feat.あまね（COOL&CREATE）,175,12.0,12.2,,
最終鬼畜妹・一部声,東方Project,ビートまりお,200,14.0,14.0,,
蒼空に舞え、墨染の桜,東方Project,Silver Forest,150,12.5,12.9,,
セツナトリップ,niconico,Last Note.,145,13.5,13.8,,
砂漠のハンティングガール♡,ORIGINAL,海田 明里,139,12.5,12.7,14.0,14.1
チルノのパーフェクトさんすう教室,東方Project,ARM＋夕野ヨシミ (IOSYS) feat.miko,175,12.5,12.5,,
"Help me, ERINNNNNN!!",東方Project,ビートまりお,184,10.5,10.9,,
魔理沙は大変なものを盗んでいきました,東方Project,ARM＋夕野ヨシミ (IOSYS) feat.藤咲かりん,170,12.0,12.3,14.5,14.7
言ノ葉カルマ,ゲキマイ,そらる・ろん×れるりり,150,12.5,12.6,,
After the rain,ORIGINAL,霜月はるか,132,12.0,12.0,,
Tango Rouge,ORIGINAL,Yoko Shimomura,152,14.0,14.4,,
Tuning Rangers,ORIGINAL,COOL&CREATE,160,13.5,13.7,,
エンドマークに希望と涙を添えて,ORIGINAL,cosMo＠暴走P,257,14.5,14.8,,
とーきょー全域★アキハバラ？,ORIGINAL,MOSAIC.WAV,212,13.0,13.2,,
overcome,ORIGINAL,景山 将太,140,11.0,11.0,,
宛城、炎上！！,ORIGINAL,Cranky feat.おもしろ三国志,175,14.5,14.8,,
We Gonna Journey,ORIGINAL,Queen P.A.L.,160,14.0,14.2,14.5,14.8
The ether,ORIGINAL,浜渦 正志,98,13.0,13.0,,
ストリーミングハート,niconico,DECO*27,210,11.5,11.7,,
Sweet Devil,niconico,八王子P,132,12.5,12.9,,
Dreaming,東方Project,Alstroemeria Records,135,11.5,11.7,,
M.S.S.Planet,niconico,M.S.S Project,145,12.0,12.3,,
腐れ外道とチョコレゐト,niconico,ピノキオピー,260,13.5,13.5,14.5,14.7
アウターサイエンス,niconico,じん,195,12.5,12.8,,
四次元跳躍機関,東方Project,koutaq,135,13.5,13.8,,
東方妖々夢 ～the maximum moving about～,東方Project,石鹸屋,198,14.0,14.0,,
少女幻葬戦慄曲　～　Necro Fantasia,東方Project,どぶウサギ,182,13.5,13.8,,
橙の幻想郷音頭,東方Project,発熱巫女～ず,136,10.5,10.7,,
The Formula,VARIETY,Junk,144,13.5,13.7,,
チルドレンレコード,niconico,じん 「カゲロウプロジェクト」,210,13.5,13.7,,
イカサマライフゲイム,niconico,kemu,200,12.5,12.5,14.0,14.1
シリョクケンサ,niconico,40mP,135,12.0,12.2,,
HAELEQUIN (Original Remaster),VARIETY,orangentle,167,14.5,14.9,,
Vallista,VARIETY,削除,180,14.5,14.7,,
Äventyr,VARIETY,Grand Thaw / Rigel Theatre,132,13.5,13.8,,
Angel dust,VARIETY,LV.4,170,14.5,14.8,,
conflict,VARIETY,siromaru + cranky,160,14.0,14.3,,
Guilty,ORIGINAL,MintJam,195,12.5,12.8,14.0,14.2
閃鋼のブリューナク,ORIGINAL,sasakure.UK,140,14.5,14.5,,
Altale,VARIETY,削除,90,13.5,13.7,,
ODDS&ENDS,niconico,ryo(supercell),192,10.5,10.6,13.5,13.5
Aragami,VARIETY,xi,196,14.5,14.6,,
Change Our MIRAI！,イロドリミドリ,イロドリミドリ,256,12.0,12.3,,
夕暮れワンルーム,ORIGINAL,40mP feat.シャノ,220,12.0,12.2,,
こころここから,ORIGINAL,ふわりP,88,10.0,10.3,,
Theme of SeelischTact,ORIGINAL,植松 伸夫,137,12.0,12.0,14.0,14.3
緋色のDance,東方Project,岸田教団＆THE明星ロケッツ,155,12.5,12.6,,
brilliant better,イロドリミドリ,御形 アリシアナ(CV:福原 綾香),172,12.0,12.1,,
Alma,ORIGINAL,光田 康典,132,13.5,13.8,,
Gustav Battle,ORIGINAL,伊藤 賢治,156,14.0,14.2,14.5,14.8
FREELY TOMORROW,niconico,Mitchie M,129,11.0,11.4,,
ギガンティックO.T.N,niconico,ギガ,190,14.0,14.1,,
フォルテシモBELL,イロドリミドリ,天王洲 なずな(CV:山本 彩乃),121,11.0,11.0,,
ジングルベル,POPS&ANIME,SEGA Sound Unit[H.],100,14.5,14.5,14.5,14.9
言ノ葉遊戯,ゲキマイ,S!N・高橋菜々×ひとしずく・やま△,164,11.5,11.6,,
私の中の幻想的世界観及びその顕現を想起させたある現実での出来事に関する一考察,イロドリミドリ,小仏 凪(CV:佐倉 薫),175,13.5,13.6,,
幾四音-Ixion-,ORIGINAL,M.S.S Project,210,12.0,12.0,14.0,14.3
ぼくらの16bit戦争,niconico,sasakure.UK,122,14.0,14.1,,
裏表ラバーズ,niconico,wowaka,159,12.0,12.1,14.0,14.0
脳漿炸裂ガール,niconico,れるりり,155,13.5,13.8,,
ネトゲ廃人シュプレヒコール,niconico,さつき が てんこもり,175,11.5,11.9,,
elegante,VARIETY,Junk,133,12.5,12.5,13.5,13.8
DETARAME ROCK&ROLL THEORY,イロドリミドリ,箱部 なる(CV:M・A・O),140,12.0,12.0,,
XL TECHNO,VARIETY,from PACA PACA PASSION,130,13.5,13.6,,
Halcyon,VARIETY,xi,191,14.0,14.4,,
Jimang Shot,東方Project,じまんぐ,164,13.5,13.7,,
stella=steLLa,ORIGINAL,marasy,190,13.5,13.7,,
すろぉもぉしょん,niconico,ピノキオピー,160,11.5,11.6,,
怒槌,ORIGINAL,光吉猛修,200,15.0,15.1,,
ユクエシレズ,niconico,こじろー,132,11.5,11.5,,
ってゐ！　～えいえんてゐVer～,東方Project,石鹸屋,159,11.5,11.9,,
患部で止まってすぐ溶ける～狂気の優曇華院,東方Project,ARM＋夕野ヨシミ (IOSYS) feat.miko,200,14.0,14.2,14.5,14.9
ひれ伏せ愚民どもっ！,東方Project,ARM＋夕野ヨシミ (IOSYS) feat.miko,180,13.5,13.8,,
エテルニタス・ルドロジー,東方Project,IRON ATTACK!,178,13.5,13.8,,
幽闇に目醒めしは,東方Project,セブンスヘブンMAXION,120,11.5,11.7,,
Starlight Vision,東方Project,矢鴇つかさ feat. 三澤秋,180,13.0,13.2,,
Club Ibuki in Break All,東方Project,void＋夕野ヨシミ (IOSYS) feat.藤原鞠菜,175,13.0,13.2,,
Phantasm Brigade,東方Project,Silver Forest,168,14.0,14.1,,
永遠のメロディ,東方Project,あ～るの～と（いえろ～ぜぶら）,155,12.5,12.8,,
FREEDOM DiVE,VARIETY,xi,222,14.5,14.8,,
Jack-the-Ripper◆,VARIETY,sasakure.UK,210,14.0,14.2,,
AVALON,VARIETY,sasakure.UK,200,14.0,14.4,,
ハート・ビート,イロドリミドリ,明坂 芹菜(CV:新田 恵海),212,12.0,12.2,,
無敵We are one!!,イロドリミドリ,イロドリミドリ,190,12.5,12.5,,
Contrapasso -inferno-,ORIGINAL,t+pazolite,243,15.0,15.0,,
GEMINI -C-,ORIGINAL,Tatsh,180,14.0,14.2,,
FLOWER,VARIETY,DJ YOSHITAKA,173,13.0,13.0,14.0,14.2
ちくわパフェだよ☆CKP,VARIETY,日向美ビタースイーツ♪,205,11.5,11.5,14.0,14.4
SNIPE WHOLE,ORIGINAL,Masayoshi Minoshima feat.Mei Ayakura,172,13.5,13.8,,
SAMBISTA,VARIETY,DOT96,152,13.5,13.7,,
アスノヨゾラ哨戒班,niconico,Orangestar,185,13.0,13.0,,
天樂,niconico,ゆうゆ,232,12.0,12.4,,
いろは唄,niconico,銀サク,172,12.5,12.5,,
星屑ユートピア,niconico,otetsu,240,11.5,11.9,,
放課後革命,niconico,放課後楽園部 「ミカグラ学園組曲」,205,12.5,12.8,,
楽園ファンファーレ,niconico,放課後楽園部 「ミカグラ学園組曲」,180,11.5,11.7,,
サウンドプレイヤー,ORIGINAL,tilt-six feat.バル,143,13.0,13.0,,
玩具狂奏曲 -終焉-,ORIGINAL,きくお,130,15.0,15.1,,
如月アテンション,niconico,じん 「カゲロウプロジェクト」,200,12.5,12.7,,
Mr. Wonderland,niconico,sasakure.UK,140,14.0,14.0,,
カミサマネジマキ,niconico,kemu,284,14.0,14.1,,
恋愛裁判,niconico,40mP,134,11.5,11.6,,
ウミユリ海底譚,niconico,n-buna,120,12.5,12.5,,
Garakuta Doll Play,ゲキマイ,t+pazolite,256,14.5,14.8,,
洗脳,ゲキマイ,ゆりん・柿チョコ×Neru,125,11.5,11.5,,
このふざけた素晴らしき世界は、僕の為にある,niconico,n.k,152,12.0,12.2,,
紅華刑,ORIGINAL,-45,165,14.0,14.4,,
Hyperion,ORIGINAL,Maozon,135,13.5,13.5,,
Elemental Creation,VARIETY,dj TAKA meets DJ YOSHITAKA,212,14.5,14.5,14.5,14.9
アルストロメリア,VARIETY,TAG,144,12.5,12.5,14.0,14.4
Devastating Blaster,ORIGINAL,INNOCENT NOIZE,160,14.5,14.9,,
夜咄ディセイブ,niconico,じん 「カゲロウプロジェクト」,130,13.5,13.5,,
回レ！雪月花,POPS&ANIME,歌組雪月花 夜々(原田 ひとみ)/いろり(茅野 愛衣)/小紫(小倉 唯) 「機巧少女は傷つかない」,160,12.5,12.8,14.0,14.0
"Help me, あーりん！",イロドリミドリ,イロドリミドリ,183,11.5,11.5,,
なるとなぎのパーフェクトロックンロール教室,イロドリミドリ,イロドリミドリ,216,13.5,13.8,,
Schrecklicher Aufstand,ORIGINAL,Katzeohr & Spiegel,180,14.5,14.9,,
ドライヴ・オン・ザ・レインボー,ORIGINAL,並木晃一,112,13.5,13.8,,
Philosopher,ORIGINAL,少女病,145,14.5,14.5,,
Crazy ∞ nighT,niconico,ひとしずく×やま△,204,13.0,13.2,,
愛迷エレジー,niconico,DECO*27,210,12.5,12.8,,
Warcry,ORIGINAL,YATAGARASU,190,14.0,14.3,,
その群青が愛しかったようだった,ORIGINAL,n-buna feat.ヤギヌマカナ,220,11.5,11.7,,
札付きのワル　～マイケルのうた～,ORIGINAL,ひーちゃんとあーちゃんとたーちゃん,184,13.5,13.6,,
BOKUTO,ORIGINAL,じーざすP feat.kradness,188,14.0,14.0,,
TiamaT:F minor,ORIGINAL,Team Grimoire,215,15.0,15.0,,
Oshama Scramble! (Cranky Remix),ORIGINAL,Cranky,190,14.0,14.0,,
D.E.A.D.L.Y.,ORIGINAL,さつき が てんこもり feat.YURiCa/花たん,175,12.5,12.9,,
ロボットプラネットユートピア,ORIGINAL,lumo,150,13.0,13.1,,
Tidal Wave,ORIGINAL,D-Cee,175,14.0,14.4,,
Hand in Hand,niconico,livetune,128,11.5,11.7,,
My Dearest Song,イロドリミドリ,月鈴 白奈(CV:高野 麻里佳),145,13.0,13.1,,
猫祭り,イロドリミドリ,箱部 なる(CV:M・A・O),160,12.0,12.3,,
ゲシュタルト！テスト期間！！,ORIGINAL,solfa feat.茶太,170,13.5,13.7,,
心象蜃気楼,ORIGINAL,Orangestar,190,11.0,11.4,,
Bang Babang Bang!!!,イロドリミドリ,御形 アリシアナ(CV:福原 綾香),200,13.5,13.8,,
エンヴィキャットウォーク,niconico,トーマ,160,13.0,13.2,,
鬼KYOKAN,niconico,じーざすP（ワンダフル☆オポチュニティ！）,182,14.0,14.0,,
有頂天ビバーチェ,niconico,Last Note.,133,11.5,11.7,,
ビバハピ,niconico,Mitchie M,148,11.5,11.9,,
願い星,ORIGINAL,霜月はるか,140,11.5,11.9,,
愛言葉,niconico,DECO*27,137,11.0,11.4,,
後夜祭,ORIGINAL,田口囁一／感傷ベクトル,200,13.0,13.0,,
TRUST,イロドリミドリ,小仏 凪(CV:佐倉 薫),190,13.0,13.1,,
からくりピエロ,niconico,40mP,102,11.5,11.7,,
深海少女,niconico,ゆうゆ,137,11.5,11.7,,
リモコン,niconico,じーざすP（ワンダフル☆オポチュニティ！）,165,11.5,11.8,,
ラクガキスト,niconico,cosMo＠暴走P,199,14.0,14.4,,
アカツキアライヴァル,niconico,Last Note.,125,11.5,11.7,,
神曲,niconico,おにゅうP,163,12.0,12.0,,
幸せになれる隠しコマンドがあるらしい,niconico,うたたP,142,13.5,13.7,,
メルト,niconico,supercell,170,11.0,11.4,,
Tell Your World,niconico,livetune,150,11.0,11.4,,
ロミオとシンデレラ,niconico,doriko,170,11.5,11.8,,
First Twinkle,ORIGINAL,折戸伸治 feat.北沢綾香,154,11.0,11.4,,
ウソラセラ,ORIGINAL,ピノキオピー,188,13.0,13.2,,
檄!帝国華撃団,VARIETY,真宮寺さくら（横山智佐）＆帝国歌劇団「サクラ大戦」,143,11.0,11.3,,
Kronos,VARIETY,削除,156,13.0,13.0,,
月に叢雲華に風,東方Project,幽閉サテライト,160,12.0,12.4,,
インビジブル,niconico,kemu,192,14.0,14.2,,
人生リセットボタン,niconico,kemu,200,13.5,13.8,,
響,ORIGINAL,志方あきこ,115,12.0,12.0,,
風仁雷仁,VARIETY,カラフル・サウンズ・ポート,142,13.0,13.2,,
PRIVATE SERVICE,VARIETY,from PACA PACA PASSION 2,160,13.5,13.5,,
No Routine,東方Project,A-One,163,12.5,12.8,,
白い雪のプリンセスは,niconico,のぼる↑,200,12.0,12.4,,
Strahv,VARIETY,Feryquitous feat.Sennzai,191,14.0,14.4,,
Dreams Dreams:Kids Ver.,VARIETY,Tomoko Sasaki「NiGHTS～星降る夜の物語～」,99,10.0,10.4,,
In The Blue Sky '01,VARIETY,電脳戦機バーチャロンフォース,167,11.5,11.6,,
幻想のサテライト,東方Project,豚乙女,230,14.0,14.2,,
凛として咲く花の如く,VARIETY,紅色リトマス,163,12.5,12.5,14.0,14.3
Paqqin,ORIGINAL,owl＊tree,110,13.5,13.7,,
覚醒楽奏メタフィクション,ORIGINAL,マチゲリータ,200,14.0,14.2,,
みくみくにしてあげる♪【してやんよ】,niconico,ika,160,11.5,11.5,,
Air,VARIETY,SHIKI,180,14.5,14.5,14.5,14.9
DataErr0r,VARIETY,Lunatic Sounds,180,14.0,14.0,,
Say A Vengeance,VARIETY,ETIA. feat.Jenga,185,13.5,13.7,,
010,VARIETY,eoll,180,13.5,13.5,,
ERIS -Legend of Gaidelia-,VARIETY,Grand Thaw / Rigel Theatre,162,13.5,13.5,,
Imperishable Night 2006 (2016 Refine),東方Project,ゆうゆ / 篠螺悠那,161,14.5,14.6,,
Dreadnought,VARIETY,Mastermind(xi+nora2r),192,14.5,14.5,14.5,14.7
STAGER,VARIETY,Ras,146,13.5,13.7,,
Her Majesty,VARIETY,naotyu-,222,13.5,13.5,,
Sakura Fubuki,VARIETY,Street,175,13.0,13.3,,
JULIAN,VARIETY,Queen P.A.L.,153,13.5,13.7,,
★LittlE HearTs★,VARIETY,ねこみみ魔法使い,200,14.5,14.9,,
STAIRWAY TO GENERATION,VARIETY,Yosh(Survive Said The Prophet)「ボーダーブレイク」,150,13.0,13.2,,
ドキドキDREAM!!!,イロドリミドリ,イロドリミドリ,210,12.5,12.5,13.5,13.8
猛進ソリストライフ！,イロドリミドリ,月鈴 那知(CV:今村 彩夏),252,12.5,12.6,,
空威張りビヘイビア,ゲキマイ,un:c・ろん×じーざすP,186,13.0,13.1,,
Oshama Scramble!,ゲキマイ,t+pazolite,190,14.0,14.0,,
FLOATED CALM,VARIETY,from PACA PACA PASSION,130,12.5,12.8,,
Supersonic Generation,ORIGINAL,Massive New Krew,155,14.0,14.4,,
シジョウノコエ VOCALO ver.,niconico,OSTER project,170,12.5,12.6,,
Tic Tac DREAMIN’,イロドリミドリ,天王洲 なずな(CV:山本 彩乃),125,11.5,11.8,,
SPICY SWINGY STYLE,イロドリミドリ,明坂 芹菜(CV:新田 恵海),242,12.5,12.7,,
RevolutionGame,ORIGINAL,れるりり feat.ろん,147,12.0,12.0,,
Still,イロドリミドリ,イロドリミドリ,176,13.0,13.1,,
おまかせ！！トラブルメイ娘☆とれびちゃん,ORIGINAL,かたほとり feat.桃箱,192,14.0,14.1,,
オススメ☆♂♀☆でぃすとぴあ,ORIGINAL,ULTRA-PRISM,130,14.0,14.4,,
Daydream café,POPS&ANIME,Petit Rabbit's「ご注文はうさぎですか？」,150,11.0,11.4,12.5,12.7
ラブリー☆えんじぇる!!,POPS&ANIME,あべにゅうぷろじぇくと feat.佐倉紗織&井上みゆ「パチスロ快盗天使ツインエンジェル」,173,12.5,12.7,,
Face of Fact,POPS&ANIME,KOTOKO,135,12.0,12.3,,
true my heart -Lovable mix-,POPS&ANIME,ave;new feat.佐倉紗織,135,11.5,11.6,,
桜ノ雨,niconico,halyosy,76,11.0,11.0,,
いーあるふぁんくらぶ,niconico,みきとP,145,11.0,11.4,,
おこちゃま戦争,niconico,ギガ/れをる,175,13.5,13.8,,
エイリアンエイリアン,niconico,ナユタン星人,152,11.5,11.7,,
虎視眈々,niconico,梅とら,134,12.5,12.9,,
アンハッピーリフレイン,niconico,wowaka,205,13.5,13.7,,
すきなことだけでいいです,niconico,ピノキオピー,140,13.0,13.0,,
デリヘル呼んだら君が来た,niconico,ナナホシ管弦楽団,190,13.0,13.0,,
チュルリラ・チュルリラ・ダッダッダ！,niconico,和田たけあき(くらげP),220,13.5,13.6,,
だんだん早くなる,niconico,40mP,126,11.5,11.5,,
ECHO,niconico,CIRCRUSH,140,12.5,12.6,,
泡沫、哀のまほろば,東方Project,幽閉サテライト,155,11.5,11.5,,
愛き夜道 feat. ランコ、雨天決行,東方Project,魂音泉,136,12.5,12.5,,
Starlight Dance Floor,東方Project,発熱巫女～ず,128,11.5,11.5,,
Witches night,東方Project,Liz Triangle,154,12.0,12.0,,
"Help me, ERINNNNNN!! -Cranky remix-",東方Project,ビートまりお × Cranky,180,12.5,12.6,,
仙酌絶唱のファンタジア,東方Project,博麗神社例大祭コラボユニット,160,13.5,13.5,,
キュアリアス光吉古牌　－祭－,東方Project,光吉猛修「東方幻想麻雀」,155,12.5,12.8,,
Evans,VARIETY,DJ YOSHITAKA,185,14.0,14.4,14.5,14.6
神威,VARIETY,TJ.hangneil,210,14.5,14.9,,
GOODTEK,VARIETY,EBIMAYO,190,14.0,14.3,,
Name of oath,VARIETY,void (Mournfinale) feat. コツキミヤ (Gt. えば),174,14.5,14.5,,
Bird Sprite,VARIETY,syatten,146,13.0,13.0,,
オモイヨシノ,VARIETY,loos feat. 柊莉杏,168,11.5,11.6,,
Dengeki Tube,VARIETY,BACO,155,14.5,14.9,,
若い力 -SEGA HARD GIRLS MIX-,POPS&ANIME,セガ・ハード・ガールズ,162,11.5,11.7,,
レッツゴー!陰陽師,VARIETY,「新豪血寺一族 -煩悩解放-」,150,11.5,11.9,,
あねぺったん,イロドリミドリ,月鈴姉妹(イロドリミドリ),180,12.0,12.3,,
Like the Wind [Reborn],ゲキマイ,sampling masters MEGA「パワードリフト」,200,14.0,14.4,,
天国と地獄 -言ノ葉リンネ-,ゲキマイ,伊東歌詞太郎・ろん×れるりり,138,12.0,12.2,,
最愛テトラグラマトン,ORIGINAL,片霧烈火,176,13.5,13.7,,
悪戯,ゲキマイ,ろん×田中秀和(MONACA),140,12.5,12.5,,
りばーぶ,ゲキマイ,高橋菜々×岡部啓一(MONACA),120,11.0,11.2,,
Barbed Eye,ゲキマイ,柿チョコ×みきとP,135,12.0,12.1,,
分からない,ゲキマイ,ろん×黒魔,200,14.0,14.2,,
相思創愛,ゲキマイ,伊東歌詞太郎・ろん×まらしぃ,195,12.5,12.9,,
混沌を越えし我らが神聖なる調律主を讃えよ,ORIGINAL,穴山大輔,240,15.0,15.3,,
Finite,VARIETY,Sta,178,14.5,14.9,,
地球最後の告白を,niconico,kemu,190,13.0,13.0,,
The wheel to the Night ～インド人が夢に!?～,イロドリミドリ,Sampling Masters なる＆せりな(イロドリミドリ),220,14.0,14.1,,
We Gonna Party -Feline Groove Mix-,ORIGINAL,Morrigan feat.Lily,170,14.0,14.3,,
Through The Tower,VARIETY,SoundTeMP「ラグナロクオンライン」,140,12.5,12.9,,
前前前世,POPS&ANIME,RADWIMPS「君の名は。」,190,12.0,12.0,,
華鳥風月,東方Project,幽閉サテライト,123,11.5,11.5,,
儚きもの人間,東方Project,豚乙女,180,13.0,13.2,,
Aleph-0,VARIETY,LeaF,250,14.5,14.7,15.0,15.1
Black Lotus,VARIETY,wa.,200,14.0,14.4,,
ＧＯ！ＧＯ！ラブリズム♥ ～あーりん書類審査通過記念Ver.～,イロドリミドリ,御形アリシアナオンザイロドリマンション(イロドリミドリ),180,12.0,12.2,,
Session High⤴,イロドリミドリ,イロドリミドリ,200,13.0,13.3,,
光線チューニング,ORIGINAL,ナユタン星人,190,12.0,12.4,,
立川浄穢捕物帳,ORIGINAL,青島探偵事務所器楽捜査部B担,210,14.0,14.0,,
眠れぬ夜君を想フ,ORIGINAL,baker,130,14.0,14.3,,
JIGOKU STATION CENTRAL GATE,ORIGINAL,鬱P feat.000,160,14.0,14.3,,
PinqPiq,ORIGINAL,owl＊tree feat.awao＊tree,117,13.5,13.5,,
トリスメギストス,ORIGINAL,bermei.inazawa,147,14.0,14.2,,
WE GOTTA SOUL,ORIGINAL,魂音泉,170,12.5,12.5,,
哀しみ集め,ORIGINAL,幽閉サテライト,155,12.5,12.5,,
キラメケ→Shoot it Now!,ORIGINAL,t+pazolite feat.ななひら,205,13.5,13.9,,
Kattobi KEIKYU Rider,ORIGINAL,Sampling Masters MEGA,220,14.5,14.8,,
Glorious Crown (tpz over-Over-OVERCUTE REMIX),ORIGINAL,t+pazolite,236,14.5,14.9,,
エレクトロサチュレイタ,niconico,tilt-six,141,11.5,11.7,,
Palette,niconico,ゆよゆっペ/meola,180,12.5,12.5,,
アマツキツネ,niconico,まらしぃ,190,11.5,11.8,,
パーフェクト生命,niconico,ナユタン星人,200,13.0,13.3,,
のぼれ！すすめ！高い塔,niconico,きくお,142,14.0,14.3,,
害虫,niconico,鬱P,190,14.0,14.2,,
Vampire,POPS&ANIME,電気式華憐音楽集団,175,13.0,13.4,,
ケロ⑨destiny,東方Project,Silver Forest,172,13.5,13.8,,
Last Moments,東方Project,NJK Record (3L&maria♂polo),168,13.0,13.2,,
風に乗せた願い,東方Project,豚乙女,188,13.5,13.9,,
天狗の落とし文 feat. ｙｔｒ,東方Project,魂音泉,160,12.5,12.9,,
星色夜空,東方Project,あ～るの～と（いえろ～ぜぶら＆電開製作所）,124,10.5,10.5,,
物凄い勢いでけーねが物凄いうた,東方Project,Halozy,180,12.0,12.4,13.5,13.8
Wake up Dreamer,ORIGINAL,Junk,151,13.0,13.4,,
World Vanquisher,ORIGINAL,void (Mournfinale),170,15.0,15.3,,
macrocosmos,ORIGINAL,LeaF,42,15.0,15.2,,
Iudicium,ORIGINAL,Powerless feat.kakichoco,170,14.5,14.8,,
Twice up Scenery,ORIGINAL,q/stol,114,14.0,14.2,,
奏者はただ背中と提琴で語るのみ,イロドリミドリ,月鈴 那知(CV:今村 彩夏),230,14.0,14.0,,
Xevel,ORIGINAL,Tatsh,185,14.5,14.9,,
セイクリッド　ルイン,VARIETY,Drop＆祇羽 feat. 葉月ゆら「太鼓の達人」より,186,14.0,14.4,,
極圏,VARIETY,cosMo VS dj TAKA「SOUND VOLTEX」より,207,14.5,14.6,,
Scarlet Lance,VARIETY,MASAKI（ZUNTATA）「グルーヴコースター 3EX ドリームパーティー」より,185,14.5,14.6,,
ホシトハナ,POPS&ANIME,讃州中学勇者部(照井春佳、三森すずこ、内山夕実、黒沢ともよ、長妻樹里)「結城友奈は勇者である」,162,11.0,11.4,,
Just Be Friends,niconico,Dixie Flatline,128,11.5,11.7,,
炉心融解,niconico,iroha(sasaki)／kuma(alfred),165,11.5,11.9,,
Fire◎Flower,niconico,halyosy,175,12.5,12.7,,
卑怯戦隊うろたんだー,niconico,シンP,152,12.5,12.8,,
イロトリドリのメロディ,イロドリミドリ,小仏 凪(CV:佐倉 薫),140,13.5,13.5,,
セハガガガンバッちゃう！！,POPS&ANIME,Hi☆sCoool! セハガール,202,13.0,13.4,,
Burning Hearts ～炎のANGEL～,VARIETY,光吉猛修「バーニングレンジャー」,155,13.5,13.5,,
Our Fighting,POPS&ANIME,クーナ(CV.喜多村英梨)「PHANTASY STAR ONLINE 2」,165,11.5,11.8,,
VERTeX,ゲキマイ,Hiro「maimai」より,237,14.5,14.7,,
-OutsideR:RequieM-,イロドリミドリ,箱部 なる(CV:M・A・O),181,13.5,13.7,,
夢と夢～あの日のメロディ～,イロドリミドリ,月鈴姉妹(イロドリミドリ),123,11.0,11.2,,
La Baguette Magique,ORIGINAL,OSTER project feat.ジェム,230,13.0,13.1,,
bubble attack,ORIGINAL,HALFBY,130,14.0,14.0,,
The Darkness of Valhalla,ORIGINAL,うたたP,128,13.5,13.5,,
時の冒険者,ORIGINAL,40mP feat.シャノ,192,13.5,13.6,,
Rendezvous,ORIGINAL,Crusher-P,160,13.5,13.5,,
EXECUTOR,ORIGINAL,doriko feat.VALSHE,181,13.5,13.7,,
Hyper Active,ゲキマイ,HiTECH NINJA,160,14.0,14.3,,
L'épilogue,ゲキマイ,SOUND HOLIC feat. Nana Takahashi,145,13.0,13.3,,
D✪N’T ST✪P R✪CKIN’ ～[✪_✪] MIX～,ゲキマイ,EB (aka EarBreaker),140,13.0,13.3,,
Caliburne ～Story of the Legendary sword～,ゲキマイ,Project Grimoire,190,14.5,14.8,,
プリズム,イロドリミドリ,御形 アリシアナ(CV:福原 綾香),140,11.5,11.6,,
Clover Heart's,POPS&ANIME,真理絵,156,11.5,11.5,,
スイートマジック,niconico,ろん×Junky,123,11.5,11.7,,
Calamity Fortune,東方Project,LeaF,200,14.5,14.7,,
Melody！,東方Project,あ～るの～と（いえろ～ぜぶら）,175,12.0,12.0,,
G e n g a o z o,VARIETY,-45,153,14.5,14.6,,
サイバーサンダーサイダー,niconico,EZFG,145,14.0,14.1,,
フラジール,niconico,ぬゆり,127,11.5,11.6,,
Absolunote,niconico,Lemm,189,13.0,13.0,,
木彫り鯰と右肩ゾンビ,niconico,hanzo,150,12.5,12.9,,
ヒビカセ,niconico,GigaReol,140,13.0,13.3,,
WAVE,niconico,niki,130,12.5,12.6,,
高気圧ねこロック,ゲキマイ,小野隊長とJimmy親分,260,13.0,13.3,,
ETERNAL DRAIN,VARIETY,カラフル・サウンズ・ポート,149,13.5,13.5,,
Paradisus-Paradoxum,POPS&ANIME,MYTH & ROID「Re:ゼロから始める異世界生活」,201,13.0,13.0,,
チルノのパーフェクトさんすう教室　⑨周年バージョン,東方Project,IOSYSと愉快な⑨周年フレンズ,175,14.0,14.0,,
Cosmic twinkle star,POPS&ANIME,クーナ(CV.喜多村英梨)「PHANTASY STAR ONLINE 2」,175,12.5,12.9,,
終わりなき物語,POPS&ANIME,クーナ(CV.喜多村英梨)「PHANTASY STAR ONLINE 2」,150,12.5,12.8,,
BlazinG AIR,ORIGINAL,kanone,150,14.0,14.3,,
Change me,niconico,shu-t,135,13.0,13.2,,
AMAZING MIGHTYYYY!!!!,ゲキマイ,WAiKURO,185,14.5,14.8,,
砂の惑星 feat. HATSUNE MIKU,niconico,ハチ,95,12.5,12.8,,
拝啓ドッペルゲンガー,niconico,kemu,181,14.0,14.1,,
Doppelganger,VARIETY,LeaF,280,14.5,14.8,,
色は匂へど散りぬるを,東方Project,幽閉サテライト,138,11.0,11.2,,
ポルカドット,イロドリミドリ,天王洲 なずな(CV:山本 彩乃),170,11.0,11.2,,
Sparking Revolver,ORIGINAL,xi,357,14.5,14.6,,
Gate of Doom,ORIGINAL,Masahiro “Godspeed” Aoki,208,14.5,14.8,,
ダンスロボットダンス,niconico,ナユタン星人「#コンパス」,190,12.5,12.7,,
アルカリレットウセイ,niconico,かいりきベア「#コンパス」,158,11.0,11.3,,
キレキャリオン,niconico,ポリスピカデリー「#コンパス」,170,13.0,13.0,,
グラーヴェ,niconico,niki「#コンパス」,185,12.0,12.1,,
レトロマニア狂想曲,niconico,PolyphonicBranch「#コンパス」,180,13.5,13.5,,
イロドリミドリ杯花映塚全一決定戦公式テーマソング『ウソテイ』,イロドリミドリ,イロドリミドリ,190,12.5,12.7,,
otorii INNOVATED -[i]3-,ORIGINAL,NAOKI underground,210,15.0,15.0,,
未来イマジネーション！,POPS&ANIME,SPRiNGS「温泉むすめ」,175,11.5,11.8,,
純情-SAKURA-,POPS&ANIME,SPRiNGS「温泉むすめ」,174,13.5,13.5,,
青春サイダー,POPS&ANIME,SPRiNGS「温泉むすめ」,160,12.5,12.9,,
Very! Merry!! Session!!!,イロドリミドリ,明坂 芹菜(CV:新田 恵海),180,12.5,12.7,,
popcorn,ORIGINAL,happy machine,130,12.0,12.3,,
Pastel Party,ORIGINAL,Tomggg,125,14.0,14.0,,
はちみつアドベンチャー,ORIGINAL,Yunomi feat.nicamoq,160,12.5,12.8,,
CHOCOLATE BOMB!!!!,ORIGINAL,YUC'e,190,14.0,14.3,,
Twilight,ORIGINAL,Pa's Lam System,160,14.0,14.4,,
ねぇ、壊れタ人形ハ何処へ棄テらレるノ？,ゲキマイ,cosMo＠暴走P,188,14.5,14.8,,
WARNING×WARNING×WARNING,東方Project,暁Records,172,12.5,12.8,,
Grip & Break down !!,東方Project,SOUND HOLIC feat. Nana Takahashi,160,12.5,12.8,,
ネ！コ！,POPS&ANIME,パトリシア・オブ・エンド(CV：高森奈津美)、黒木 未知(CV：仙台エリ)、夕莉 シャチ(CV：浅川悠)、明日原 ユウキ(CV：種﨑敦美)「ノラと皇女と野良猫ハート」,182,11.5,11.9,,
マトリョシカ,niconico,ハチ,205,12.5,12.5,,
ゴーゴー幽霊船,POPS&ANIME,米津玄師,180,13.0,13.3,,
La Flesvelka,VARIETY,Grand Thaw / Rigel Theatre,134,13.0,13.3,,
碧き孤島のアングゥィス,POPS&ANIME,電気式華憐音楽集団,197,13.5,13.8,,
ラブって♡ジュエリー♪えんじぇる☆ブレイク！！,POPS&ANIME,あべにゅうぷろじぇくと feat.天月めぐる＆如月すみれ「ツインエンジェルBREAK」,238,13.0,13.3,,
ぶれいくるみるくらぶ！,POPS&ANIME,みるくちゃん「ツインエンジェルBREAK」,197,12.5,12.8,,
クレッシェンド・ストーリー,イロドリミドリ,月鈴 白奈(CV:高野 麻里佳),180,12.5,12.9,,
Sentimental Snow,ORIGINAL,霜月はるか,114,11.0,11.4,,
サンシャインサマー☆夏期講習,ORIGINAL,solfa feat.茶太,240,13.5,13.9,,
"NYAN-NYA, More! ラブシャイン、Chu♥",ORIGINAL,片霧烈火オンザみんマンション,158,13.0,13.3,,
厨病激発ボーイ,niconico,れるりり,190,13.0,13.2,,
StargazeR,niconico,骨盤P,195,12.5,12.5,,
ゴーストルール,niconico,DECO*27,210,13.5,13.7,,
頓珍漢の宴,niconico,ピノキオピー,145,14.0,14.1,,
TOMORROW,POPS&ANIME,Machico「この素晴らしい世界に祝福を！2」,134,11.0,11.3,,
Super Lovely (Heavenly Remix),VARIETY,EarBreaker feat. Mes w/光吉猛修,170,14.0,14.3,,
Chocolate Happy,VARIETY,Carotte☆（ripple＆めらみぽっぷ）,180,11.5,11.5,,
管弦楽組曲 第3番 ニ長調「第2曲（G線上のアリア）」BWV.1068-2,イロドリミドリ,月鈴 那知（ヴァイオリン） 伴奏：イロドリミドリ,180,14.5,14.5,,
ここで一席！　Oshama Scramble!,イロドリミドリ,なずな師匠＆小仏亭ちゃんなぎ(イロドリミドリ),212,13.0,13.1,,
ウサテイ,東方Project,あまね＋ビートまりお(COOL＆CREATE),190,13.5,13.8,,
Scream out! -CHUNITHM Tuning-,東方Project,A-One,165,12.5,12.9,,
Spring of Dreams,東方Project,3L (NJK Record),153,12.0,12.4,,
Floating Darkness,東方Project,Tatsh feat. 月子,182,13.5,13.7,,
Change Our MIRAI！ (Our 7 Lights),イロドリミドリ,イロドリミドリ,256,13.0,13.3,,
Dual Fractal,ORIGINAL,M2U,160,13.5,13.9,,
Drivessover,ORIGINAL,Taishi,182,13.5,13.7,,
Surveiller et punir,ORIGINAL,cybermiso,145,14.5,14.9,,
業 -善なる神とこの世の悪について-,ORIGINAL,光吉猛修 VS 穴山大輔,190,15.0,15.4,,
End Time,VARIETY,Cres.,180,14.5,14.9,,
volcanic,VARIETY,DETRO a.k.a ルゼ,191,14.0,14.4,,
アンノウン・マザーグース,niconico,wowaka,222,13.5,13.8,,
ゆけむり魂温泉 II,東方Project,魂音泉,140,12.5,12.5,,
サドマミホリック,東方Project,ビートまりお（COOL&CREATE）,200,14.0,14.2,,
Candyland Symphony,VARIETY,Kai「Wonderland Wars」,120,12.5,12.8,,
初音ミクの激唱,niconico,Storyteller,200,14.5,14.7,,
つるぺったん,東方Project,Silver Forest,180,12.5,12.8,,
咲キ誇レ常世ノ華,ゲキマイ,Sou×マチゲリータ,210,12.5,12.8,,
チルノおかんのさいきょう☆バイブスごはん,東方Project,D.watt feat. ビートまりお (COOL&CREATE),204,13.0,13.4,,
放課後ストライド,niconico,Last Note.,225,12.0,12.3,,
きゅうりバーにダイブ,東方Project,ゆずひこ feat.めらみぽっぷ,176,14.0,14.4,,
むしとりのうた,VARIETY,清水一人(歌：近藤佳奈子)「新甲虫王者ムシキング」,127,11.0,11.0,,
ミリオン／ワンズ,niconico,じん×kemu,195,13.5,13.7,,
ブリキノダンス,niconico,日向電工,172,13.0,13.1,,
フリィダム ロリィタ,niconico,ねじ式,150,11.5,11.7,,
DAYBREAK FRONTLINE,niconico,Orangestar,136,11.5,11.5,,
バレリーコ,niconico,みきとP,150,11.5,11.7,,
おちゃめ機能,niconico,ろん,150,12.5,12.6,,
輪廻転生,niconico,まふまふ,196,13.5,13.8,,
シャルル,niconico,バルーン,145,11.5,11.6,,
地獄の端にて君を待つ,東方Project,石鹸屋,188,13.0,13.3,,
聖少女サクリファイス,東方Project,Silver Forest,168,13.5,13.9,,
究極焼肉レストラン！お燐の地獄亭！,東方Project,ARM＋夕野ヨシミ (IOSYS) feat.藤枝あかね,185,12.0,12.2,,
WARNING!,東方Project,NJK Record,164,13.0,13.3,,
Paranoia,東方Project,DiGiTAL WiNG feat. 花たん,150,12.5,12.7,,
ナイト・オブ・ナイツ (Cranky Remix),東方Project,ビートまりお × Cranky,180,14.0,14.1,,
Brain Power,VARIETY,NOMA,173,14.0,14.3,,
ouroboros -twin stroke of the end-,VARIETY,Cranky VS MASAKI「グルーヴコースター 3EX ドリームパーティー」より,188,14.5,14.7,,
GERBERA,VARIETY,"BEMANI Sound Team ""TAG""「SOUND VOLTEX」より",205,14.5,14.5,,
Taiko Drum Monster,VARIETY,steμ feat.siroa「太鼓の達人」より,266,14.0,14.3,,
Nhelv,VARIETY,Silentroom,175,14.5,14.6,,
PUPA,VARIETY,モリモリあつし,202,14.5,14.6,,
Parousia,VARIETY,xi,158,14.0,14.4,,
Papyrus,VARIETY,papyrus (orangentle),150,13.5,13.5,,
Black Lair,VARIETY,削除 feat. void (Mournfinale),150,13.5,13.7,,
オーケー？　オーライ！,イロドリミドリ,五十嵐 撫子(CV:花井 美春),150,11.5,11.6,,
Black'n White JAMMIN' CATS,イロドリミドリ,箱部 なる(CV:M・A・O)＆月鈴 白奈(CV:高野 麻里佳),135,12.0,12.2,,
ライトスピード・デイズ,イロドリミドリ,明坂 芹菜(CV:新田 恵海)＆小仏 凪(CV:佐倉 薫),174,13.5,13.5,,
Fire me up,イロドリミドリ,御形 アリシアナ(CV:福原 綾香)＆天王洲 なずな(CV:山本 彩乃),161,12.0,12.3,,
朝焼けプラットホーム,ORIGINAL,40mP feat.シャノ,174,11.5,11.6,,
PAST,ORIGINAL,164 feat.ウォルピスカーター,200,13.5,13.8,,
Blessed,ORIGINAL,Palme,165,13.5,13.8,,
FRIDAY FRIDAY,ORIGINAL,emon(Tes.) feat.松平なな,120,11.0,11.4,,
足立オウフwwww,ORIGINAL,笑う角を曲がる,175,14.0,14.0,,
Seagull,ORIGINAL,Snail's House,176,13.5,13.7,,
Blaster Heaven,ORIGINAL,カヒーナムジカ,166,12.0,12.2,,
ハートアタック,ORIGINAL,Omoi feat.+α/あるふぁきゅん。,225,14.0,14.4,,
Summer is over,ORIGINAL,TORIENA,175,13.5,13.8,,
folern,ORIGINAL,ぬゆり,200,14.5,14.6,,
2DVenture,ORIGINAL,dawn-system,210,13.0,13.3,,
ぜったい！昇天★鎮魂歌♂,ORIGINAL,NirNo,220,14.0,14.3,,
夕焼けのRed Parade,ORIGINAL,technoplanet,290,14.5,14.8,,
StufeStern,ORIGINAL,Feryquitous,140,14.0,14.3,,
スピカの天秤,ORIGINAL,Acotto,252,14.5,14.7,,
涙色メモリア,ORIGINAL,キノシタ feat.YURiCa/花たん,202,12.5,12.6,,
Magic,ORIGINAL,niki feat.noire,167,12.0,12.0,,
男装女形表裏一体発狂小娘の詐称疑惑と苦悩と情熱。,ORIGINAL,SLAVE.V-V-R feat.Fantastic Youth,190,13.5,13.9,,
コモリの怪物,ORIGINAL,盛るP feat.鈴森あおい,255,14.0,14.1,,
中学2年生のアンドロイド,ORIGINAL,カルロス袴田(サイゼP) feat.あやぽんず＊,260,14.0,14.3,,
Life,ORIGINAL,Relect,160,14.0,14.1,,
Solstånd,ORIGINAL,Rigel Theatre feat.ミーウェル,136,13.0,13.1,,
Sqlupp,ORIGINAL,owl＊tree feat.yaki＊tree,183,14.0,14.4,,
Climax,ORIGINAL,USAO,190,14.5,14.8,,
larva,ゲキマイ,ガリガリさむし,202,14.5,14.6,,
CYCLES,ゲキマイ,Masayoshi Minoshima feat. 綾倉盟,135,11.5,11.8,,
夢花火,ゲキマイ,豚乙女,186,13.0,13.0,,
FEEL the BEATS,ゲキマイ,A-One,166,12.0,12.1,,
ロキ,niconico,みきとP,150,12.0,12.1,,
Innocent Truth,ORIGINAL,Endorfin.,190,14.0,14.0,,
CITRUS MONSTER,ゲキマイ,D-Cee,220,14.0,14.4,,
サヨナラフリーウェイ,イロドリミドリ,萩原 七々瀬(CV:東城 日沙子),170,11.5,11.9,,
Ai Nov,ゲキマイ,Feryquitous,195,14.5,14.7,,
エンジェデビ,ORIGINAL,中路もとめ feat.砂糖子,130,12.5,12.5,,
Servant of Love,ORIGINAL,PandaBoY,145,13.5,13.7,,
アイリちゃんは暗黒魔導士!,ORIGINAL,MOSAIC.WAV,206,14.0,14.0,,
電光石火,ORIGINAL,HiTECH NINJA,165,14.5,14.8,,
strelitzia,ORIGINAL,zts,140,13.5,13.7,,
サヨナラチェーンソー,niconico,くらげP,154,11.5,11.8,,
Seyana. ～何でも言うことを聞いてくれるアカネチャン～,niconico,GYARI,144,13.0,13.4,,
はやくそれになりたい！,niconico,キノシタ feat. 音街ウナ,185,12.5,12.6,,
ちがう!!!,niconico,カルロス袴田(サイゼP),181,13.0,13.3,,
雨とペトラ,niconico,バルーン,195,12.0,12.3,,
あうんどばいみー,東方Project,森羅万象,178,12.5,12.7,,
White Traveling Girl,東方Project,A-One,154,12.0,12.1,,
トランスダンスアナーキー,東方Project,暁Records,195,12.5,12.7,,
ゴールドビジョン,東方Project,Pizuya's Cell,208,14.0,14.3,,
【東方ニコカラ】秘神マターラ feat.魂音泉【IOSYS】,東方Project,ARM (IOSYS),168,13.5,13.7,,
Ever green Never end,イロドリミドリ,月鈴 白奈(CV:高野 麻里佳),195,12.5,12.6,,
咲かせよ 沸かせよ バンバンBURN！,POPS&ANIME,温泉むすめ 下呂美月 役 佐伯伊織「温泉むすめ」,170,12.0,12.4,,
Fracture Ray,VARIETY,削除「Arcaea」,200,14.5,14.7,,
Axium Crisis,VARIETY,ak+q「Arcaea」,170,13.5,13.7,,
Grievous Lady,VARIETY,Team Grimoire vs Laur「Arcaea」,210,14.5,14.7,,
CO5M1C R4ILR0AD,VARIETY,kanone,155,14.0,14.1,,
Pure Ruby,VARIETY,SHIKI,178,14.0,14.3,,
一世嬉遊曲‐ディヴェルティメント‐,イロドリミドリ,月鈴 那知(CV:今村 彩夏),195,13.5,13.8,,
恋のチャイム,ORIGINAL,霜月はるか,135,11.0,11.3,,
逃げろ！サテライトキャンパス！！,ORIGINAL,solfa feat.茶太,195,13.5,13.7,,
THE BRASS OF GOODSPEED!!,ORIGINAL,片霧烈火,180,12.5,12.9,,
カゲロウデイズ,niconico,じん,200,13.5,13.8,,
妄想感傷代償連盟,niconico,DECO*27,110,11.5,11.7,,
Everlasting Today,ゲキマイ,void (Mournfinale),148,14.5,14.7,,
Distance,POPS&ANIME,村川梨衣「ヒナまつり」,177,11.0,11.4,,
Outlaw's Lullaby,VARIETY,庄司英徳「龍が如く２」,145,14.0,14.0,,
The Pursuit of Speed,VARIETY,SoundDrive「龍が如く５　夢、叶えし者」,159,13.0,13.4,,
光線チューニング ～なずな妄想海フェスイメージトレーニングVer.～,イロドリミドリ,ナズナン星人 with せりな・あーりん(イロドリミドリ),175,13.0,13.3,,
39,niconico,sasakure.UK x DECO*27,175,11.5,11.9,,
Funny Funky Freaky,VARIETY,mommy,138,13.5,13.7,,
Pangaea,VARIETY,sasakure.UK,118,14.0,14.0,,
ZEUS,VARIETY,ルゼ,170,14.0,14.4,,
Agitation！,イロドリミドリ,舞ヶ原高校軽音部,163,11.0,11.3,,
暗晦にハイライト,ORIGINAL,igel,190,14.5,14.5,,
8-EM,ORIGINAL,Sampling Masters AYA,168,14.5,14.8,,
Killing Rhythm,ORIGINAL,DJ Myosuke,200,15.0,15.0,,
METEOR,niconico,DIVELA,170,11.5,11.8,,
ワールズエンド・ダンスホール,niconico,wowaka,171,12.5,12.8,,
Worlds End,東方Project,あ～るの～と（いえろ～ぜぶら）,155,12.0,12.3,,
Shout Our Evidence!,イロドリミドリ,イロドリミドリ,194,13.0,13.2,,
YURUSHITE,ゲキマイ,t+pazolite,270,14.5,14.9,,
ユメキキョウ,ORIGINAL,RD-Sounds feat.中恵光城,153,14.0,14.0,,
Black Swan Lake,ORIGINAL,葉月ゆら,186,14.0,14.3,,
GIGA DRIVE,ORIGINAL,黒沢ダイスケ,144,14.5,14.9,,
Rebellion,ORIGINAL,Kai,250,15.0,15.2,,
Doll Judgment,東方Project,ぬるはち,230,13.0,13.4,,
お嫁にしなさいっ！,東方Project,ARM＋夕野ヨシミ (IOSYS),180,13.0,13.1,,
待チ人ハ来ズ。,東方Project,豚乙女,160,13.0,13.2,,
命ばっかり,niconico,ぬゆり,128,11.5,11.5,,
テオ,niconico,Omoi,185,13.0,13.4,,
ハイセンスナンセンス,niconico,盛るP,120,14.0,14.4,,
デンパラダイム,niconico,lumo,220,14.0,14.0,,
星の器～STAR OF ANDROMEDA,東方Project,sun3,155,14.5,14.5,,
STARTLINER,ゲキマイ,曲：kz(livetune)／歌：オンゲキシューターズ,135,10.0,10.4,,
Vibrant Verve,ORIGINAL,siqlo,156,14.0,14.1,,
燃えてもエンジョイ！宛城、炎上！！,イロドリミドリ,箱部孟徳 feat.小仏氏(イロドリミドリ),190,14.0,14.3,,
水晶世界 ～Fracture～,VARIETY,wa. remixed celas,180,14.5,14.7,,
BlythE,VARIETY,M2U,180,14.0,14.1,,
UNION,POPS&ANIME,OxT「SSSS.GRIDMAN」,178,12.0,12.0,,
ただ君に晴れ,POPS&ANIME,ヨルシカ,140,11.5,11.5,,
ナンセンス文学,niconico,Eve,154,12.0,12.0,,
ロスタイムメモリー,niconico,じん,210,12.5,12.9,,
ヒバナ,niconico,DECO*27,200,13.5,13.7,14.0,14.0
最終鬼畜妹フランドール・S,東方Project,ビートまりお(COOL＆CREATE),200,14.0,14.4,14.5,14.5
"""STAR""T",イロドリミドリ,HaNaMiNa feat.Nadeshiko,190,12.5,12.7,,
Excalibur ～Revived resolution～,ゲキマイ,Project Grimoire,200,14.5,14.8,,
Opfer,ゲキマイ,かねこちはる,175,14.5,14.8,,
神威 (NAOKI × ZPP MIX),ORIGINAL,NAOKI MAEDA,210,14.5,14.8,,
サヴァイバル・キリング・メーカー,ORIGINAL,じーざす（ワンダフル☆オポチュニティ！） ft.96猫,192,12.5,12.7,,
ツクヨミステップ,ORIGINAL,ユリイ・カノン feat.nameless,172,13.5,13.8,,
【冒険】イングリット葛西降臨！【実況】,ORIGINAL,溝口ゆうま axel. 大瀬良あい,180,13.5,13.7,,
ハジマリノピアノ,ORIGINAL,ゆゆうた,190,14.0,14.0,,
レーイレーイ,ORIGINAL,かいりきベア feat.松下,188,13.0,13.3,,
Surrogate Life,ORIGINAL,石渡太輔／アークシステムワークス,180,14.5,14.8,,
Nijirate Fanatics,ORIGINAL,yukitani,210,14.0,14.4,,
Destr0yer,VARIETY,削除 feat. Nikki Simmons,90,14.5,14.5,,
R.I.P.,VARIETY,eicateve,192,14.0,14.1,,
せかいせいふく！ゆりあちゃん！,ORIGINAL,立秋,195,14.0,14.4,,
Trackless wilderness,ORIGINAL,Noah,217,14.5,14.8,,
absolute rightness,ORIGINAL,Acotto,194,14.0,14.3,,
Walzer für das Nichts,ORIGINAL,Aoi Sumito,215,14.5,14.6,,
Lover's Trick,ORIGINAL,litmus*,130,13.0,13.4,,
まごころのカスクルゥト,ORIGINAL,Yu-dachi,112,14.0,14.1,,
幾望の月,niconico,なきゃむりゃ,138,13.5,13.6,14.0,14.2
アカリがやってきたぞっ,niconico,GYARI,136,13.0,13.0,,
おねがいダーリン,niconico,ONE (song by ナナホシ管弦楽団),180,12.0,12.1,,
リンカーネイション,niconico,kemu,185,13.0,13.3,,
太陽系デスコ,niconico,ナユタン星人,150,11.0,11.3,,
▲MEW▲△MEW△CAKE,POPS&ANIME,KOTOKO「ネコぱら」,171,11.0,11.2,,
野良猫ハート,POPS&ANIME,パトリシア・オブ・エンド(CV：高森奈津美)、黒木 未知(CV：仙台エリ)、夕莉 シャチ(CV：浅川悠)、明日原 ユウキ(CV：種﨑敦美)「ノラと皇女と野良猫ハート」,162,11.5,11.7,,
進捗どうですか？,東方Project,sumijun(Halozy) feat. ななひら(Confetto),199,12.5,12.6,,
単一指向性オーバーブルーム,イロドリミドリ,葛城 華(CV:丸岡 和佳奈),158,12.5,12.9,,
《混乱》 ～ Muspell,ORIGINAL,Norn,165,13.5,13.7,,
《理想》 ～ Cloudland,ORIGINAL,Shi Kuang Lee feat.A-Tz,123,12.5,12.5,,
《逃避》 ～ The Deserter,ORIGINAL,Bo-Xun Lin 林柏勲,160,13.5,13.9,,
《最愛》 ～ Curse,ORIGINAL,James Landino feat.N i i,157,13.5,13.5,,
《運命》 ～ Ray of Hope,ORIGINAL,3R2,177,14.0,14.3,,
Star Divine,POPS&ANIME,スタァライト九九組「少女☆歌劇 レヴュースタァライト」,160,12.0,12.1,,
御旗のもとに,VARIETY,「サクラ大戦３ ～巴里は燃えているか～」,147,12.0,12.3,,
みなえをチェック！,イロドリミドリ,小野 美苗(CV:伊藤 美来),178,13.5,13.7,,
とーきょー全域★アキハバラ？ (ver.にこる),ORIGINAL,MOSAIC.WAV／t+pazolite feat.ななひら,215,13.5,13.8,,
AXION,VARIETY,削除,160,14.5,14.6,,
MEGATON BLAST,ゲキマイ,BlackY vs. Yooh,194,14.5,14.7,,
結んで開いて羅刹と骸,niconico,ハチ,169,12.5,12.8,,
ダブルラリアット,niconico,アゴアニキ,138,11.0,11.3,,
＊ハロー、プラネット。,niconico,sasakure.UK,150,12.5,12.7,,
magnet,niconico,minato(流星P),108,11.5,11.5,,
Pump!n,東方Project,IOSYS TRAX (uno & D.watt),128,13.5,13.8,,
Endless Seeker,東方Project,A-One,163,13.0,13.1,,
STRIPES feat. EL.J (2018 reinterpretation),東方Project,発熱巫女～ず,128,11.0,11.4,,
Cosmic Magic Shooter,東方Project,SOUND HOLIC feat. Nana Takahashi,163,12.5,12.8,,
神楽,東方Project,Liz Triangle,175,13.0,13.2,,
Bad Apple!! feat.nomico (Nhato Remix),東方Project,Masayoshi Minoshima × Nhato,138,12.5,12.8,,
ヴンダーカンマー,ORIGINAL,麹町養蚕館,145,13.5,13.9,,
Destination,ORIGINAL,Nhato,133,13.5,13.9,,
Fidget Dancer,ORIGINAL,nora2r,175,14.0,14.3,,
Megameteor,ORIGINAL,削除,187,14.5,14.8,,
Trrricksters!!,ORIGINAL,s-don vs. 翡乃イスカ,155,15.0,15.1,,
Road without Road,イロドリミドリ,HaNaMiNa feat.Nanase,174,12.5,12.8,,
Ladymade Star,VARIETY,ESTi,136,11.5,11.7,,
Memory of Beach,VARIETY,M2U,130,13.5,13.8,,
SON OF SUN,VARIETY,Hosoe Shinji,200,14.0,14.4,14.5,14.9
Rightfully,POPS&ANIME,Mili「ゴブリンスレイヤー」,182,13.0,13.2,,
巫女みこナース・愛のテーマ,POPS&ANIME,Chu☆,160,12.5,12.6,,
音弾超人ゴリライザー,VARIETY,ゴリライザー制作委員会,138,13.5,13.9,,
Giselle,VARIETY,Sobrem a.k.a. Widowmaker,152,14.5,14.9,,
7 colors*,VARIETY,Aliesrite* (Ym1024 feat. lamie*),184,13.0,13.2,,
Life is PIANO,VARIETY,Junk,133,13.5,13.8,,
タテマエと本心の大乱闘,ゲキマイ,曲：鯨井国家／歌：藍原 椿(CV：橋本 ちなみ),180,12.0,12.2,,
Zest of Blue,ゲキマイ,曲：上松範廉(Elements Garden)／歌：三角 葵(CV：春野 杏),144,12.0,12.3,,
conflict(斉唱),イロドリミドリ,イロドリミドリ,160,14.0,14.3,,
チョウの標本,VARIETY,Bitplane,170,14.0,14.3,,
Be A Shooter！～NORMAL BIG BONUS～,VARIETY,Sammy sound team,157,12.0,12.4,,
Catch the Wave,niconico,livetune,153,12.0,12.1,,
Auxesia,VARIETY,ginkiha「Arcaea」,183,13.0,13.4,,
Sound Chimera,VARIETY,Laur,190,14.5,14.7,,
やらなきゃいけないことばかり,イロドリミドリ,小仏 凪(CV:佐倉 薫)＆月鈴 白奈(CV:高野 麻里佳),140,13.0,13.4,,
エンドマークに希望と涙を添えて ～イロドリミドリアレンジ～,イロドリミドリ,イロドリミドリ,220,13.5,13.8,,
Secret Sleuth,ゲキマイ,島爺×蜂屋ななし,288,13.5,13.7,,
Ghost Dance,ORIGINAL,亜沙 feat.くろくも,154,12.5,12.5,,
モノクロトワイライト,ORIGINAL,カラフル・サウンズ・ポート,128,13.5,13.7,,
シャッキーーン！！,ORIGINAL,黒魔,165,14.0,14.4,,
《破滅》 ～ Rhapsody for The End,ORIGINAL,Spiegel vs Ice,180,14.5,14.9,,
メルティランドナイトメア,niconico,はるまきごはん,140,11.0,11.4,,
絶対にチョコミントを食べるアオイチャン,niconico,GYARI,140,13.5,13.7,,
だれかの心臓になれたなら,niconico,ユリイ・カノン,145,12.5,12.6,,
Kadenz,POPS&ANIME,榊原 ゆい「Dies irae」,230,13.5,13.7,,
MARENOL,VARIETY,LeaF & Optie & Fiz,140,14.5,14.8,,
Day by Day CRiSiS Songs,イロドリミドリ,御形 アリシアナ(CV:福原 綾香)＆箱部 なる(CV:M・A・O),138,13.5,13.7,,
Energy Booster ～ 上海紅茶館,東方Project,激戦の人,187,13.5,13.7,,
7 days a week,東方Project,Silver Forest,144,11.5,11.9,,
メイドと血の懐中時計,東方Project,岸田教団&THE明星ロケッツ,184,12.5,12.7,,
ARROW RAIN feat. Ayame,東方Project,Alstroemeria Records,180,13.5,13.7,,
悪戯センセーション,東方Project,森羅万象,192,13.0,13.3,,
紅き魔汁、闇より降りて天啓の響きを導く,イロドリミドリ,月鈴 白奈(CV:高野 麻里佳),185,14.0,14.0,,
ロング・スロー・アライブ,ORIGINAL,はるまきごはん feat.めらみぽっぷ,200,11.5,11.9,,
迷える薔薇に終わらぬ夜を,ORIGINAL,YM feat.かんせる,230,12.5,12.8,,
パームカルマ,ORIGINAL,ポリスピカデリー feat.相宮零,153,13.5,13.9,,
Therapeutic Hoedown,ORIGINAL,うどんゲルゲ,165,14.0,14.4,,
バイオレンストリガー,niconico,八王子P「#コンパス」,196,13.0,13.3,,
KILLER B,niconico,梅とら「#コンパス」,130,13.5,13.7,,
アヤカシ,niconico,buzzG「#コンパス」,186,12.0,12.3,,
残響,niconico,164「#コンパス」,140,13.0,13.4,,
クレイジー・ビート,niconico,さつき が てんこもり「#コンパス」,130,12.5,12.7,,
felys -final remix-,VARIETY,onoken,180,14.0,14.4,,
アフタースクール・エモーション,イロドリミドリ,明坂 芹菜(CV:新田 恵海)＆天王洲 なずな(CV:山本 彩乃),85,11.5,11.7,,
Jörqer,ORIGINAL,owl＊tree feat.yu＊tree,98,13.5,13.7,,
ちゅんちゅちゅチューン,ORIGINAL,さつき が てんこもり feat.kana,173,13.0,13.3,,
ドルオタ忍道！楠子ノ巻,ORIGINAL,コバヤシユウヤ（IOSYS） feat.You-Re:,175,13.5,13.5,,
エキセントリックコンコン,ORIGINAL,Clean Tears feat.kukuri,150,13.5,13.7,,
大天使ユリア★降臨!,ORIGINAL,MOSAIC.WAV,215,14.0,14.3,,
グリーンライツ・セレナーデ,niconico,Omoi,200,13.5,13.8,,
ブレス・ユア・ブレス,niconico,和田たけあき,152,13.0,13.2,,
Jump for Joy,niconico,EasyPop,126,11.5,11.9,,
インドア系ならトラックメイカー,VARIETY,Yunomi & nicamoq,128,12.5,12.8,,
Blackmagik Blazing,VARIETY,かめりあ,256,14.5,14.8,,
アイジャストロック,イロドリミドリ,HaNaMiNa,200,12.5,12.6,,
SUPER RESULT BEAT vol.1,イロドリミドリ,V.I.(Various Irodorimidori),166,13.5,13.7,,
檄！帝国華撃団＜新章＞,VARIETY,佐倉綾音（天宮さくら）、内田真礼（東雲初穂）、山村響（望月あざみ）、福原綾香（アナスタシア・パルマ）、早見沙織（クラリス）「新サクラ大戦」,143,11.5,11.7,,
Jade Star,VARIETY,SHIKI,152,14.0,14.2,,
君と、この瞬間,イロドリミドリ,イロドリミドリ,188,12.5,12.6,,
We Are Us,イロドリミドリ,舞ヶ原シンセ研究会,145,13.0,13.4,,
U ARE,ORIGINAL,MK&Kanae Asaba,130,14.5,14.5,,
ハードコア・シンドローム,ORIGINAL,t+pazolite (HARDCORE TANO*C) feat.TANO*C ALL STARS,190,14.5,14.5,,
Hainuwele,ORIGINAL,ETIA.,175,14.5,14.8,,
宿星審判,ORIGINAL,suzu,189,15.0,15.2,,
Perfect Shining!!,ゲキマイ,曲：宮崎誠／歌：星咲 あかり(CV：赤尾 ひかる),182,12.5,12.7,,
みんな Happy!!,ゲキマイ,曲：ヒゲドライバー／歌：藤沢 柚子(CV：久保田 梨沙),135,11.0,11.4,,
Here We Go,ゲキマイ,曲：TeddyLoid／歌：高瀬 梨緒(CV：久保 ユリカ),150,13.5,13.9,,
P！P！P！P！がおー!!,ゲキマイ,曲：Tom-H@ck／歌：結城 莉玖(CV：朝日奈 丸佳),250,13.5,13.8,,
Ascension to Heaven,VARIETY,xi,200,14.5,14.8,,
Sweet Requiem,東方Project,REDALiCE & aran,190,14.0,14.3,,
レータイスパークEx,東方Project,ビートまりお（COOL&CREATE）,210,14.0,14.2,,
小悪魔の遊園地,VARIETY,光吉猛修の弟,183,14.5,14.9,,
The Metaverse -First story of the SeelischTact-,ORIGINAL,光吉猛修 VS 目黒将司,190,15.0,15.4,,
命に嫌われている,niconico,カンザキイオリ,200,13.0,13.4,,
乙女解剖,niconico,DECO*27,134,11.5,11.8,,
フィクサー,niconico,ぬゆり,135,13.0,13.3,,
テリトリーバトル,ORIGINAL,ツユ,140,12.0,12.4,,
ROAD TO DREAM,ORIGINAL,達見 恵 featured by 佐野宏晃,175,13.5,13.7,,
絶対トキメキデリバリー,ORIGINAL,TOKOTOKO（西沢さんP） feat.あやぽんず＊,138,13.5,13.5,,
Yume no hajimari,ORIGINAL,Virtual Cat,98,13.5,13.8,,
Hey Yeah!!,ORIGINAL,KOTONOHOUSE,165,13.5,13.8,,
B100d Hunter,ORIGINAL,DIVELA feat.いゔどっと,164,14.5,14.6,,
Last Celebration,ORIGINAL,Laur vs CK,238,14.5,14.7,,
Cyaegha,VARIETY,USAO「Arcaea」,200,14.0,14.2,,
Arcahv,VARIETY,Feryquitous「Arcaea」,191,14.0,14.1,,
AttraqtiA,VARIETY,かめりあ「Arcaea」,202,14.5,14.8,,
Pretender,POPS&ANIME,Official髭男dism,92,11.0,11.0,,
ごまかし,POPS&ANIME,TrySail,189,12.0,12.1,,
だから僕は音楽を辞めた,POPS&ANIME,ヨルシカ,125,11.5,11.8,,
真赤な誓い,POPS&ANIME,福山芳樹「武装錬金」,185,12.5,12.7,,
ドラマツルギー,niconico,Eve,149,12.0,12.3,,
彗星ハネムーン,niconico,ナユタン星人,145,11.5,11.7,,
アンクローズ・ヒューマン,niconico,作曲：カジャ　作詞：傘村トータ　編曲：ねじ式　調声：シリア,178,13.5,13.7,,
ベノム,niconico,かいりきベア,152,12.5,12.9,,
ナイト・オブ・ナイツ (USAO Remix),東方Project,ビートまりお × USAO,205,14.0,14.3,,
Alea jacta est!,ゲキマイ,BlackY fused with WAiKURO,162,14.5,14.7,,
Viyella's Tears,ゲキマイ,Laur,218,14.5,14.9,,
Paqqin (tpz Despair Remix),ORIGINAL,owl＊tree／t+pazolite,240,14.5,14.7,,
Jack the GAME,イロドリミドリ,藤堂 陽南袴(CV:八島 さらら),145,13.5,13.8,,
宙の隣,ORIGINAL,くるぶっこちゃん,130,14.0,14.0,,
Just You,ORIGINAL,サルケバ,190,13.5,13.8,,
Insane Gamemode,ORIGINAL,pan vs 7mai,133,14.0,14.4,,
Parad'ox,ORIGINAL,Potwi,168,14.5,14.6,,
ANU,ORIGINAL,sasakure.UK VS 穴山大輔,240,15.0,15.0,,
モノノケ・イン・ザ・フィクション,POPS&ANIME,嘘とカメレオン「虚構推理」,195,12.5,12.9,,
愛されなくても君がいる,niconico,ピノキオピー,150,12.5,12.8,,
ぽかぽかの星,niconico,はるまきごはん,114,10.5,10.9,,
スターナイトスノウ,niconico,n-buna × Orangestar,180,12.5,12.7,,
白ゆき,niconico,n-buna,210,13.0,13.3,,
Shiny Smily Story,POPS&ANIME,hololive IDOL PROJECT,168,11.5,11.9,,
キラメキライダー☆,POPS&ANIME,hololive IDOL PROJECT,182,12.5,12.8,,
疾走あんさんぶる,東方Project,ビートまりお（COOL&CREATE）,195,13.5,13.9,,
しゅわスパ大作戦☆,東方Project,SOUND HOLIC feat. Nana Takahashi,140,13.0,13.4,,
LOVE EAST,東方Project,暁Records,168,12.5,12.5,,
MELtin' 17,イロドリミドリ,桔梗 小夜曲(CV:原田 彩楓),175,14.0,14.0,,
《狂乱》 ～ Cataclysm,ORIGINAL,3R2 as Katzeohr,155,13.5,13.7,,
《投影》 ～ Oh My Baby Doll,ORIGINAL,Ring feat.SLSMusic,120,14.0,14.4,,
《信仰》 ～ Eudaimonia,ORIGINAL,空氣載體 The AirCarrier,180,13.5,13.8,,
《選別》 ～ Refuge,ORIGINAL,Iris,160,14.0,14.1,,
《本能》 ～ ReCoda,ORIGINAL,Spiegel vs Yukino,156,14.5,14.6,,
赤壁、大炎上！！,ORIGINAL,Cranky feat.おもしろ三国志,200,14.5,14.9,,
甲賀忍法帖,POPS&ANIME,陰陽座,178,12.5,12.8,,
Everything For A Reason,イロドリミドリ,イロドリミドリ,147,13.5,13.7,,
Technicians High,ゲキマイ,HiTECH NINJA,165,14.0,14.2,,
恋はりんりん☆あーりんベル,イロドリミドリ,御形 アリシアナ(CV:福原 綾香),170,12.5,12.7,,
LINK LINK FEVER!!!,VARIETY,リンカ (CV: 豊田萌絵)「グルーヴコースター」,182,11.5,11.7,,
DX超性能フルメタル少女,VARIETY,IOSYS TRAX (uno with.ちよこ)「グルーヴコースター」,160,14.0,14.3,,
SKYSCRAPER,VARIETY,Dr. ARM (IOSYS)「グルーヴコースター」,140,13.5,13.9,,
Lemegeton -little key of solomon-,VARIETY,Team Grimoire vs MASAKI「グルーヴコースター」,185,14.5,14.8,,
BUCHiGiRE Berserker,VARIETY,REDALiCE vs MASAKI「グルーヴコースター」,200,14.5,14.7,,
町かどタンジェント,POPS&ANIME,shami momo（吉田優子・千代田桃）／CV：小原好美・鬼頭明里「まちカドまぞく」,165,11.5,11.5,,
歩いていこう！,POPS&ANIME,東山奈央「恋する小惑星」,97,11.0,11.2,,
ぷよぷよのうた ピコピコミックス,VARIETY,あんどうりんご（CV:今井麻美）「ぷよぷよ!!」,155,13.5,13.7,,
君のせい,POPS&ANIME,the peggies「青春ブタ野郎はバニーガール先輩の夢を見ない」,174,11.5,11.9,,
Phantom Joke,POPS&ANIME,UNISON SQUARE GARDEN,200,13.5,13.6,,
もってけ!セーラーふく,POPS&ANIME,泉こなた（CV.平野 綾）、柊かがみ（CV.加藤英美里）、柊つかさ（CV.福原香織）、高良みゆき（CV.遠藤 綾）「らき☆すた」,150,12.0,12.3,,
サクリファイス,niconico,まふまふ,192,13.0,13.4,,
Wizdomiot,東方Project,LeaF,200,14.5,14.8,,
なんかノイズにきこえる,イロドリミドリ,HaNaMiNa feat.Hana,158,13.0,13.3,,
Over Heart,イロドリミドリ,芒崎 奏(CV:立花 理香),140,13.5,13.9,,
the EmpErroR,ゲキマイ,sasakure.UK,240,14.5,14.8,,
"Good bye, Merry-Go-Round.",ゲキマイ,Yooh,185,14.5,14.5,,
レイニーカラー・ウォーターカラー,ORIGINAL,烏屋茶房 feat.利香,142,11.5,11.8,,
おいでよ！ 高須らいむランド,ORIGINAL,柏木るざりん feat.青葉りんご,170,12.5,12.5,,
Charlatan,ORIGINAL,煮ル果実×びす,145,13.0,13.3,,
萌豚♥功夫♥大乱舞,ORIGINAL,李 龟琍椏 feat.娜娜苤來,144,13.5,13.9,,
つっぱれ！にゃんきー魂,ORIGINAL,Neko Hacker feat.うごくちゃん,160,13.5,13.8,,
"Athlete Killer ""Meteor""",ORIGINAL,LamazeP feat.月乃,185,14.0,14.0,,
Blazing:Storm,ORIGINAL,かゆき,165,14.5,14.9,,
アンドロイドガール,niconico,DECO*27,192,13.5,13.7,,
こちら、幸福安心委員会です。,niconico,うたたP,128,13.5,13.9,,
惑星ループ,niconico,ナユタン星人,170,11.5,11.7,,
ふぃーばー,東方Project,Silver Forest,136,11.5,11.9,,
Earthquake Super Shock,東方Project,SOUND HOLIC feat. Nana Takahashi,175,12.5,12.8,,
はたてのバッコイ殺人事件,東方Project,ARM＋夕野ヨシミ (IOSYS) feat.miko,160,13.5,13.7,,
ポーカーフェイス,東方Project,少女フラクタル,170,14.0,14.1,,
ケ・セラ・セラ奇想曲,イロドリミドリ,HaNaMiNa,190,13.0,13.3,,
C & B,ORIGINAL,PSYQUI feat.Such,170,14.0,14.0,,
月詠に鳴る,ORIGINAL,Feryquitous feat.藍月なくる,180,14.0,14.4,,
Blessed Rain,ORIGINAL,ぺのれり,216,14.5,14.7,,
Elemental Ethnic,ORIGINAL,Yooh,163,14.5,14.8,,
X7124,ORIGINAL,Silentroom,180,15.0,15.0,,
異世界かるてっと,POPS&ANIME,アインズ（CV：日野 聡）、カズマ（CV：福島 潤）、スバル（CV：小林裕介）、ターニャ（CV：悠木 碧）「異世界かるてっと」,148,12.5,12.8,,
正体判明ネームレスガール,イロドリミドリ,HaNaMiNa feat.Minae,190,13.5,13.8,,
ここからはじまるプロローグ。,ゲキマイ,ああああ,182,13.5,13.7,,
福宿音屋魂音泉,ゲキマイ,魂音泉,162,12.5,12.8,,
BLACK ROSE,ゲキマイ,S!N・+α/あるふぁきゅん。×ALI PROJECT,145,12.0,12.3,,
BATTLE NO.1,VARIETY,TANO*C Sound Team,200,14.5,14.8,,
祈 -我ら神祖と共に歩む者なり-,ORIGINAL,光吉猛修 VS 穴山大輔 VS Kai VS 水野健治 VS 大国奏音,219,15.0,15.4,,
GAME IS LIFE,ゲキマイ,曲：ヒゲドライバー／歌：井之原 小星(CV：ももの はるな),160,13.0,13.3,,
GranFatalité,ゲキマイ,曲：ZAQ／歌：柏木 咲姫(CV：石見 舞菜香),240,13.5,13.6,,
SWEET SHAKE!!,ゲキマイ,曲：佐藤純一（fhána）／歌：桜井 春菜(CV：近藤 玲奈),134,12.5,12.8,,
What color...,ゲキマイ,曲：NAOKI／歌：早乙女 彩華(CV：中島 唯),158,12.5,12.7,,
クロートーと星の観測者,VARIETY,しーけー,230,14.0,14.0,,
真千年女王,VARIETY,しらいし,160,14.5,14.8,,
Paradise Lost,POPS&ANIME,茅原実里,165,12.0,12.3,,
[CRYSTAL_ACCESS],ORIGINAL,Blacklolita,160,14.5,14.6,,
Deep in Abyss,POPS&ANIME,リコ（CV：富田美憂）、レグ（CV：伊瀬茉莉也）「メイドインアビス」,135,11.5,11.8,,
ベースラインやってる？笑,VARIETY,かめりあ feat. ななひら,128,14.0,14.2,,
董卓討つべし,VARIETY,おもしろ三国志,140,14.0,14.0,,
セカイはまだ始まってすらいない,niconico,ピノキオピー / 初音ミク / ワンダーランズ×ショウタイム「プロジェクトセカイ カラフルステージ！ feat. 初音ミク」,138,12.0,12.2,,
TECHNOPOLIS 2085,ORIGINAL,PRASTIK DANCEFLOOR,134,14.5,14.5,,
ハルシナイト,ORIGINAL,かしこ。 feat.Cereus,128,11.5,11.7,,
Dark Diver,ORIGINAL,emon(Tes.) feat.ねんね,136,12.5,12.7,,
Tattoo,ORIGINAL,みきとP feat. victream,155,12.5,12.9,,
呪歌-JyuKa-,ORIGINAL,ガルナ(オワタP) feat.水槽,160,12.5,12.5,,
再生不能,ORIGINAL,ろくろ feat.鹿乃,236,14.0,14.0,,
アポカリプスに反逆の焔を焚べろ,ゲキマイ,cosMo＠暴走AlterEgo,222,14.5,14.9,,
AstrøNotes.,ゲキマイ,MisoilePunch♪,210,14.5,14.8,,
No.1,POPS&ANIME,DISH//「僕のヒーローアカデミア」,181,11.5,11.7,,
ザ・ライブ革命でSHOW！,POPS&ANIME,星井美希、高槻やよい、菊地 真、双海亜美、双海真美、四条貴音「アイドルマスター」,162,12.0,12.4,,
Yes! Party Time!!,POPS&ANIME,島村卯月、渋谷 凛、本田未央、赤城みりあ、安部菜々「アイドルマスター シンデレラガールズ」,148,11.5,11.8,,
香水,POPS&ANIME,瑛人,122,10.0,10.4,,
猫 ～THE FIRST TAKE ver.～,POPS&ANIME,DISH//,77,11.0,11.4,,
インフェルノ,POPS&ANIME,Mrs. GREEN APPLE,185,12.0,12.4,,
残酷な天使のテーゼ,POPS&ANIME,高橋洋子「新世紀エヴァンゲリオン」,128,11.0,11.3,,
夜に駆ける,POPS&ANIME,YOASOBI,130,11.5,11.8,,
紅,POPS&ANIME,X JAPAN [covered by 光吉猛修],156,14.5,14.6,,
GO! GO! MANIAC,POPS&ANIME,放課後ティータイム「けいおん！！」,250,13.5,13.5,,
廻廻奇譚,POPS&ANIME,Eve TVアニメ「呪術廻戦」第1クールオープニングテーマ,185,12.0,12.4,,
エクストラ・マジック・アワー,POPS&ANIME,AKINO with bless4「甘城ブリリアントパーク」,180,12.5,12.5,,
名前のない怪物,POPS&ANIME,EGOIST CX系ノイタミナ「PSYCHO-PASS サイコパス」エンディングテーマ,180,12.5,12.6,,
ヴィラン,niconico,てにをは,102,13.0,13.2,,
KING,niconico,Kanaria,166,12.0,12.3,,
電脳少女は歌姫の夢を見るか？,niconico,デスおはぎ,240,14.0,14.2,,
心予報,niconico,Eve,143,12.5,12.8,,
拝啓、桜舞い散るこの日に,niconico,まふまふ,186,12.5,12.5,,
セカイ,niconico,DECO*27×堀江晶太(kemu),133,12.5,12.9,,
ローリンガール,niconico,wowaka,195,13.0,13.4,,
骸骨楽団とリリア,niconico,トーマ,260,12.5,12.8,,
失敗作少女,niconico,かいりきベア・MARETU feat.初音ミク,235,12.5,12.9,,
高音厨音域テスト,niconico,木村わいP,180,12.0,12.0,,
深海のリトルクライ feat. 土岐麻子,niconico,sasakure.UK,156,13.5,13.6,,
ナイト・オブ・ナイツ (かめりあ’s“ワンス・アポン・ア・ナイト”Remix),東方Project,ビートまりお × かめりあ,188,14.0,14.4,,
Bad Apple!! feat.nomico (REDALiCE Remix),東方Project,Masayoshi Minoshima × REDALiCE,170,12.5,12.9,,
No Life Queen [DJ Command Remix],東方Project,SOUND HOLIC Vs. Eurobeat Union feat. Nana Takahashi,165,13.0,13.4,,
"Little ""Sister"" Bitch",東方Project,t+pazolite,185,13.5,13.9,,
キャプテン・ムラサのケツアンカー,東方Project,ARM＋夕野ヨシミ (IOSYS) feat.山本椛,190,13.0,13.0,,
ホイホイ☆幻想ホロイズム,東方Project,COOL&CREATE × 宝鐘マリン with ホロイズムファンタジー,195,13.5,13.9,,
A Site De La Rue,VARIETY,KIEN (STREME REVERIE),186,14.5,14.9,,
XL TECHNO -More Dance Remix-,VARIETY,from PACA PACA PASSION Special,150,14.5,14.5,,
CHAOS,VARIETY,Æsir「Cytus Ⅱ」,150,13.5,13.8,,
二次元ドリームフィーバー,niconico,PolyphonicBranch,180,14.0,14.0,,
SINister Evolution,VARIETY,TAK,149,14.5,14.8,,
]-[|/34<#!,VARIETY,並木学（ナミキマナブ）「怒首領蜂大復活」,225,14.5,14.9,,
Crimson Phoenix,VARIETY,xi vs MASAKI「グルーヴコースター」,180,14.5,14.7,,
8OROCHI,VARIETY,REDALiCE「太鼓の達人」,201,14.0,14.4,,
Satellite System ft.Diana Chiaki,VARIETY,GRATEC MOUR「CROSSxBEATS」,128,14.0,14.3,,
DAZZLING♡SEASON,VARIETY,jun「CROSSxBEATS」,180,13.5,13.8,,
ミュージック・リボルバー,VARIETY,世阿弥「ミュージックガンガン！2」,168,14.5,14.5,,
REDRAVE,VARIETY,Tatsh&NAOKI feat.Kent Alexander,165,14.0,14.0,,
BLUE ZONE,VARIETY,Tatsh x NAOKI,168,14.5,14.6,,
花たちに希望を,VARIETY,Sound piercer feat.DAZBEE,187,14.0,14.3,,
召しませ！Rock'n Roll Party,イロドリミドリ,イロドリミドリ,270,13.0,13.4,,
脳天直撃,ゲキマイ,黒沢ダイスケ VS 穴山大輔,145,14.5,14.9,,
封焔の135秒,ゲキマイ,大国奏音,200,14.5,14.8,,
UltraNeon,ORIGINAL,eoll,187,14.0,14.3,,
雪男,ORIGINAL,かねこちはる,256,15.0,15.0,,
DDDD,ORIGINAL,monaca:factory feat.NORISTRY,156,13.0,13.0,,
Ring,ORIGINAL,R Sound Design feat.向日葵,132,11.5,11.5,,
Blazing Break,ORIGINAL,yksb feat.MiLO,142,13.5,13.6,,
Give me Love♡,ORIGINAL,C.G mix feat. RINA,146,11.5,11.8,,
Crack,ORIGINAL,はるなば feat.すずしろ,200,14.0,14.0,,
STAR IN THE WORLD,ORIGINAL,片霧烈火,180,12.5,12.8,,
蜘蛛の糸,ORIGINAL,きくお×cosMo＠暴走P feat.影縫英,180,15.0,15.0,,
コスモポップファンクラブ,ORIGINAL,ナユタン星人,129,12.0,12.0,,
夢路拍子,ORIGINAL,稲葉曇 feat.Rairu,143,12.0,12.4,,
人生攻略☆Tips,ORIGINAL,れるりり feat.konoco,150,11.5,11.9,,
ピュグマリオンの咒文,ORIGINAL,アリスシャッハと魔法の楽団,190,14.0,14.1,,
創世のコンツェルティーナ,ORIGINAL,大嶋啓之,142,13.0,13.4,,
Fantasm,ORIGINAL,yuigot feat.菅野真衣,213,13.5,13.6,,
Echoes,ORIGINAL,Aiobahn,155,13.5,13.7,,
Super Kitsch Mode,ORIGINAL,Avec Avec,174,13.5,13.6,,
Pre Paid Pog Punk Panic,ORIGINAL,Hercelot,190,14.0,14.2,,
自分勝手Dazzling,ORIGINAL,星街すいせい(ホロライブ),130,12.0,12.3,,
Utopithm,ORIGINAL,memex,170,13.5,13.7,,
妖怪ですから,ORIGINAL,ぼっちぼろまる,180,13.0,13.2,,
Glory Days,ORIGINAL,KMNZ,155,12.0,12.2,,
Spiral Fortune,ORIGINAL,Marpril,140,13.5,13.9,,
キズナミュージック♪,POPS&ANIME,Poppin'Party「バンドリ！ ガールズバンドパーティ！」,189,12.0,12.4,,
FIRE BIRD,POPS&ANIME,Roselia「バンドリ！ ガールズバンドパーティ！」,150,13.5,13.5,,
最強 the サマータイム!!!!!,ゲキマイ,曲：村カワ基成／歌：オンゲキシューターズ,178,12.5,12.8,,
I believe what you said,POPS&ANIME,亜咲花「ひぐらしのなく頃に 業」,138,11.5,11.7,,
スーサイドパレヱド,niconico,ユリイ・カノン feat.GUMI,176,13.0,13.1,,
永遠にゲームで対戦したいキリタン,niconico,GYARI,126,12.5,12.7,,
アンヘル,niconico,かいりきベア,184,13.5,13.7,,
Get a Life！,イロドリミドリ,箱部 なる(CV:M・A・O)＆小仏 凪(CV:佐倉 薫)＆月鈴 白奈(CV:高野 麻里佳),185,12.5,12.9,,
ロストワードクロニカル,東方Project,東方LostWord feat.いとうかなこ,184,13.5,13.6,,
Yakumo >>JOINT STRUGGLE (2019 Update),東方Project,くっちー (DARKSIDE APPROACH),187,14.5,14.7,,
全力ハッピーライフ,東方Project,森羅万象,190,13.0,13.3,,
明星ロケット,東方Project,岸田教団&THE明星ロケッツ,163,13.0,13.3,,
神々が恋した幻想郷,東方Project,Unlucky Morpheus,155,14.0,14.4,,
乙女のルートはひとつじゃない！,POPS&ANIME,angela「乙女ゲームの破滅フラグしかない悪役令嬢に転生してしまった…」,192,11.5,11.5,,
Love & Justice,VARIETY,BACO,200,14.5,14.9,,
《自戒》 ～ Paganelope,ORIGINAL,Warak,128,14.5,14.6,,
《紀律》 ～ As One,ORIGINAL,James Landino feat.Nikki Simmons,150,13.5,13.9,,
《種子》 ～ Set You Free,ORIGINAL,Iris,185,13.5,13.8,,
《偏愛》 ～ Shattered Memories,ORIGINAL,3R2,170,14.0,14.4,,
Limits,イロドリミドリ,舞ヶ原シンセ研究会,140,12.5,12.9,,
天空カフェテリア,POPS&ANIME,Petit Rabbit's「ご注文はうさぎですか？BLOOM」,154,12.0,12.2,,
ヒバリ,POPS&ANIME,HIMEHINA,140,12.5,12.9,,
Say!ファンファーレ!,POPS&ANIME,白上フブキ（ホロライブ）,170,12.0,12.2,,
Virtual to LIVE,POPS&ANIME,にじさんじ,156,11.0,11.3,,
Don't Fight The Music,ゲキマイ,黒魔,200,14.5,14.8,,
Realize,POPS&ANIME,鈴木このみ「Re:ゼロから始める異世界生活」,206,13.0,13.3,,
ラグトレイン,niconico,稲葉曇,147,11.5,11.7,,
幽霊東京,niconico,Ayase,124,11.5,11.6,,
ポジティブ・パレード,niconico,DECO*27,155,12.0,12.4,,
Blueprint,イロドリミドリ,HaNaMiNa,175,12.5,12.7,,
Kattobi舞高Riders,イロドリミドリ,舞ヶ原Riders,164,13.5,13.7,,
FLARE,POPS&ANIME,Void_Chords feat. LIO「ありふれた職業で世界最強」,164,12.5,12.6,,
UTAKATA,ゲキマイ,ゆよゆっぺ／歌：九條 楓(CV：佳村 はるか),185,12.5,12.9,,
Rule the World!!,ゲキマイ,八木雄一 feat. Marty Friedman／歌：逢坂 茜(CV：大空 直美),126,14.0,14.0,,
どうぶつ☆パラダイス,ゲキマイ,村井大／歌：珠洲島 有栖(CV：長縄 まりあ),114,11.5,11.5,,
Radiance,ゲキマイ,Nhato,155,13.5,13.9,,
Lost Princess,POPS&ANIME,ペコリーヌ（M・A・O）、コッコロ（伊藤美来）、キャル（立花理香）「プリンセスコネクト！Re:Dive」,150,11.5,11.7,,
Mirage Game,POPS&ANIME,ペコリーヌ（M・A・O）、コッコロ（伊藤美来）、キャル（立花理香）、ユイ（種田梨沙）、ヒヨリ（東山奈央）、レイ（早見沙織）、シェフィ（近藤玲奈）「プリンセスコネクト！Re:Dive」,180,12.0,12.4,,
ルナティックレッドアイズ,東方Project,Innocent Key,180,12.5,12.9,,
#FairyJoke,東方Project,uno (IOSYS),160,14.0,14.1,,
NewStartでReadyGo!,イロドリミドリ,明坂 芹菜(CV:新田 恵海)＆御形 アリシアナ(CV:福原 綾香)＆天王洲 なずな(CV:山本 彩乃),130,12.0,12.0,,
Qliphothgear,ORIGINAL,Juggernaut.,212,14.5,14.5,,
SQUAD-Phvntom-,ORIGINAL,Getty vs DJ DiA,200,14.0,14.4,,
parvorbital,ORIGINAL,Frums,197,15.0,15.1,,
Inpaqq,ORIGINAL,owl＊tree feat. ka＊tree,118,13.5,13.9,,
Strange Love,ORIGINAL,削除,190,15.0,15.1,,
Akasagarbha -reincarnate-,VARIETY,wa. vs ETIA.,192,14.5,14.5,,
なだめスかし Negotiation（TVsize）,POPS&ANIME,鹿乃と宇崎ちゃん「宇崎ちゃんは遊びたい！」,150,12.5,12.8,,
88D,VARIETY,mommy,135,14.0,14.1,,
カラッポ・ノンフィクション,VARIETY,Ino(chronoize) feat. 柳瀬マサキ,170,13.0,13.4,,
Tuk Tuk Boshi,VARIETY,Shaman Cure-All,148,14.5,14.7,,
プナイプナイたいそう,VARIETY,立秋 feat.ちょこ,271,14.0,14.4,,
多重未来のカルテット -Quartet Theme-,niconico,Kusemono/SWANTONE,150,13.5,13.7,,
Starduster,niconico,ジミーサムP,82,10.5,10.8,,
崩壊歌姫 -disruptive diva-,niconico,マチゲリータ,170,13.5,13.9,,
マージナル,niconico,OSTER project,190,12.5,12.8,,
ぽっぴっぽー,niconico,ラマーズP,150,13.5,13.6,,
The secret garden,niconico,Project DIVA Original Song feat.初音ミク,133,12.0,12.4,,
Iudicium “Apocalypsis Mix”,ゲキマイ,曲：Powerless／歌：柏木 咲姫(CV：石見 舞菜香)、柏木 美亜(CV:和氣 あず未),170,14.0,14.4,,
IMPACT,ORIGINAL,USAO feat.光吉猛修,210,14.5,14.5,,
Long shot,POPS&ANIME,前島麻由「Re:ゼロから始める異世界生活」,135,12.0,12.4,,
MEGALOVANIA,VARIETY,Toby Fox「UNDERTALE」,240,14.0,14.0,,
NightTheater,VARIETY,わかどり,151,14.0,14.4,,
圧　倒　的　存　在　感,POPS&ANIME,鈴原るる／でびでび・でびる,180,13.0,13.0,,
ピアノ協奏曲第１番”蠍火”,VARIETY,virkato,165,15.0,15.3,,
永遠のAria,POPS&ANIME,雨宮天「七つの大罪 憤怒の審判」,164,12.5,12.7,,
うまぴょい伝説,POPS&ANIME,スペシャルウィーク （CV.和氣あず未）、サイレンススズカ （CV.高野麻里佳）、トウカイテイオー （CV.Machico）,170,12.5,12.5,,
うっせぇわ,POPS&ANIME,Ado,178,12.5,12.9,,
天火明命,ゲキマイ,削除,155,14.0,14.0,,
Blows Up Everything,ゲキマイ,USAO,215,14.0,14.2,,
Baqeela,ゲキマイ,owl＊tree,130,14.0,14.1,,
花と、雪と、ドラムンベース。,ゲキマイ,kanone feat. せんざい,180,14.5,14.5,,
グッバイ宣言,niconico,Chinozo,170,12.0,12.3,,
テレキャスタービーボーイ,niconico,すりぃ,182,12.5,12.6,,
ボッカデラベリタ,niconico,柊キライ,170,13.0,13.2,,
ヴァンパイア,niconico,DECO*27,164,11.5,11.9,,
帝国少女,niconico,R Sound Design ,118,12.0,12.3,,
クーネル・エンゲイザー,niconico,電ǂ鯨,170,13.0,13.2,,
回転 feat.あやぽんず＊,東方Project,森羅万象,166,12.0,12.2,,
SOUL 2 DIVIDE,東方Project,SOUND HOLIC Vs. ZYTOKINE feat. 星野奏子,145,13.0,13.4,,
Cinderella Story [BlackY Remix],東方Project,Amateras Records feat. 柚之原りえ,150,14.0,14.1,,
妖々跋扈　～ Who done it！！！,東方Project,Demetori,182,14.0,14.4,,
宵闇の月に抱かれて,東方Project,Tatsh feat.彩音,176,14.0,14.0,,
Starting Over,イロドリミドリ,イロドリミドリ,220,13.5,13.7,,
POTENTIAL,ORIGINAL,TAG,200,15.0,15.1,,
まっすぐ→→→ストリーム！,ゲキマイ,曲：本多友紀（Arte Refact）／歌：日向 千夏(CV：岡咲 美保),184,13.0,13.1,,
トリドリ⇒モリモリ! Lovely fruits☆,ゲキマイ,曲：やしきん／歌：柏木 美亜(CV：和氣 あず未),185,12.5,12.5,,
夜明けのストリング,ゲキマイ,曲：DJ Genki／歌：東雲 つむぎ(CV：和泉 風花),123,12.0,12.3,,
Valsqotch,ゲキマイ,owl＊tree feat.chi＊tree,125,14.5,14.5,,
違う、そうじゃない,POPS&ANIME,鈴木雅之,118,12.0,12.3,,
俺ら東京さ行ぐだ,POPS&ANIME,吉幾三,118,12.5,12.7,,
J219,VARIETY,Cranky,147,14.0,14.4,,
CAT'S EYE,イロドリミドリ,杏里 [covered by 舞ヶ原シンセ研究会],160,13.0,13.0,,
ヤミツキ,ゲキマイ,MARETU,208,13.0,13.0,,
Titania,ゲキマイ,xi,212,14.5,14.8,,
Cry Baby,POPS&ANIME,Official髭男dism「東京リベンジャーズ」,100,11.0,11.4,,
怪物,POPS&ANIME,YOASOBI テレビアニメ『BEASTARS』第二期,170,12.5,12.5,,
明け星,POPS&ANIME,LiSA テレビアニメ「鬼滅の刃」無限列車編,95,11.5,11.7,,
シル・ヴ・プレジデント,POPS&ANIME,P丸様。,176,12.5,12.6,,
さんさーら！,POPS&ANIME,ARuFa,140,12.5,12.7,,
ギラギラ,POPS&ANIME,Ado,96,11.5,11.8,,
モア！ジャンプ！モア！,niconico,ナユタン星人 / 初音ミク / MORE MORE JUMP！「プロジェクトセカイ カラフルステージ！ feat. 初音ミク」,202,13.0,13.2,,
携帯恋話,niconico,まふまふ / 初音ミク / 25時、ナイトコードで。「プロジェクトセカイ カラフルステージ！ feat. 初音ミク」,150,13.5,13.7,,
エンヴィーベイビー,niconico,Kanaria,171,12.0,12.2,,
ダーリンダンス,niconico,かいりきベア,153,12.5,12.6,,
初音天地開闢神話,niconico,cosMo＠暴走P,240,14.5,14.7,,
無間嫉妬劇場『666』,東方Project,森羅万象,170,13.5,13.5,,
ENDYMION,VARIETY,fallen shepherd ft. RabbiTon Strings,440,15.0,15.0,,
竹,VARIETY,立秋 feat.ちょこ,183,14.5,14.8,,
Forever and…,イロドリミドリ,舞ヶ原シンセ研究会,128,12.5,12.5,,
タイムカプセル,ORIGINAL,天月-あまつき-,185,12.5,12.9,,
パズルリボン,ORIGINAL,すりぃ feat.りょーくん,215,12.5,12.9,,
Be4Step,ORIGINAL,tilt-six feat.バル,148,13.5,13.7,,
Everlasting Liberty,ORIGINAL,Kobaryo,242,14.5,14.7,,
とびだせ！TO THE COSMIC!!,ゲキマイ,t+pazolite feat. しゃま(CV:種﨑 敦美) & みるく(CV:伊藤 あすか),185,13.5,13.5,,
星めぐり、果ての君へ。,ゲキマイ,TAKU1175 ft.駄々子,175,12.5,12.7,,
モ°ルモ°ル,ゲキマイ,sasakure. UK,256,14.0,14.2,,
蒼穹舞楽,ゲキマイ,Capchii,195,14.5,14.5,,
Komplexe,ゲキマイ,雄之助 feat. Sennzai,165,14.0,14.3,,
愛のシンギュラリティ,ORIGINAL,yuichi NAGAO,153,13.5,13.7,,
アナタニナルノ,ORIGINAL,FANTAGIRAFF,172,13.0,13.4,,
コトバウタ,イロドリミドリ,HaNaMiNa,256,12.5,12.5,,
A Man In The Mirror,ゲキマイ,orangentle,180,14.5,14.9,,
Dig Delight!,POPS&ANIME,Happy Around!「D4DJ Groovy Mix」,179,12.5,12.7,,
Floor Killer,POPS&ANIME,Merm4id「D4DJ Groovy Mix」,128,12.5,12.6,,
ジャンキーナイトタウンオーケストラ,niconico,すりぃ,145,13.0,13.4,,
エバ,niconico,柊キライ,141,13.5,13.7,,
トラフィック・ジャム,niconico,煮ル果実,130,13.0,13.0,,
舞高最強ドリームセッション!!!!! ～180秒一曲勝負～,イロドリミドリ,明坂 芹菜(CV:新田 恵海)＆御形 アリシアナ(CV:福原 綾香)＆天王洲 なずな(CV:山本 彩乃)＆萩原 七々瀬(CV:東城 日沙子)＆芒崎 奏(CV:立花 理香),189,13.0,13.4,,
HERA,ゲキマイ,ルゼ,185,14.5,14.8,,
I'll make you Super Rock Star,ORIGINAL,かぼちゃ,145,14.0,14.0,,
Reverberate,ORIGINAL,とろまる,144,14.5,14.9,,
Breakthrough,ORIGINAL,Aiko Oi,160,13.5,13.9,,
Scythe of Death,ORIGINAL,Masahiro “Godspeed” Aoki,130,14.5,14.9,,
くらべられっ子,niconico,ツユ,194,12.5,12.5,,
あの世行きのバスに乗ってさらば。,niconico,ツユ,240,12.5,12.7,,
泥の分際で私だけの大切を奪おうだなんて,niconico,ツユ,225,13.0,13.3,,
吉原ラメント,niconico,亜沙,192,12.0,12.2,,
フォニイ,niconico,ツミキ,170,12.5,12.8,,
愛のシュプリーム！,POPS&ANIME,fhána「小林さんちのメイドラゴンS」,135,12.0,12.0,,
めいど・うぃず・どらごんず♥,POPS&ANIME,スーパーちょろゴンず「小林さんちのメイドラゴンS」,140,11.5,11.8,,
Re：End of a Dream,VARIETY,uma vs. モリモリあつし,212,14.5,14.9,,
僕らのFreedom DiVE↓,イロドリミドリ,三年生チーム(イロドリミドリ),204,14.0,14.1,,
色彩過剰のダイアリーミュージック,イロドリミドリ,イロドリミドリ,136,14.5,14.6,,
Last Kingdom,ゲキマイ,USAO,150,14.0,14.1,,
3倍！Sun Shine！カーニバル！,POPS&ANIME,アンジュ・カトリーナ、戌亥とこ、リゼ・ヘルエスタ,142,11.5,11.9,,
地獄屋八丁荒らし,POPS&ANIME,戌亥とこ,202,12.0,12.3,,
ハッピーエンドをはじめから,POPS&ANIME,リゼ・ヘルエスタ,206,12.0,12.2,,
過去を喰らう,POPS&ANIME,花譜,187,12.5,12.9,,
失礼しますが、RIP♡,POPS&ANIME,Mori Calliope（ホロライブEnglish）,124,13.5,13.5,,
Splash Dance!!,ゲキマイ,曲：Q-MHz／歌：オンゲキシューターズ,155,12.0,12.4,,
帰り道,イロドリミドリ,イロドリミドリ,116,10.5,10.9,,
QZKago Requiem,ゲキマイ,t+pazolite,257,14.5,14.8,,
#SUP3RORBITAL,ORIGINAL,ああ…翡翠茶漬け…,210,14.5,14.7,,
WE'RE BACK!!,ORIGINAL,Zekk,185,14.5,14.6,,
Brightness,ORIGINAL,Masayoshi Iimori,160,14.0,14.2,,
Λzure Vixen,ORIGINAL,かめりあ,163,15.0,15.2,,
僕の戦争,POPS&ANIME,神聖かまってちゃん「進撃の巨人」,144,12.5,12.5,,
ポケットからぬりつぶせ！,ゲキマイ,曲：中山真斗／歌：マーチングポケッツ [日向 千夏(CV：岡咲 美保)、柏木 美亜(CV：和氣 あず未)、東雲 つむぎ(CV：和泉 風花)],126,11.5,11.9,,
Y.Y.Y.計画!!!!,ゲキマイ,曲：烏屋茶房／歌：R.B.P. [九條 楓(CV：佳村 はるか)、逢坂 茜(CV：大空 直美)、珠洲島 有栖(CV：長縄 まりあ)],186,12.5,12.6,,
最っ高のエンタメだ!!,ゲキマイ,曲：本田正樹(Dream Monster)／歌：7EVENDAYS⇔HOLIDAYS [井之原 小星(CV：ももの はるな)、柏木 咲姫(CV：石見 舞菜香)],276,13.0,13.0,,
GODLINESS,ゲキマイ,曲：椿山日南子／歌：皇城 セツナ(CV：八巻 アンナ),183,14.0,14.2,,
ホーリーサンバランド,VARIETY,SAMBA MASTER 佐藤,150,14.5,14.7,,
MALKUTH -The Last Ruler of Terrestrials-,ORIGINAL,穴山大輔 VS 光吉猛修,197,15.0,15.4,,
DA'AT -The First Seeker of Souls-,ORIGINAL,水野健治 VS 大国奏音,222,15.0,15.3,,
キルミーのベイベー！,POPS&ANIME,やすなとソーニャ「キルミーベイベー」,200,13.5,13.9,,
Rumbling hearts,POPS&ANIME,栗林みな実,136,11.5,11.6,,
非実在系女子達はどうすりゃいいですか？,POPS&ANIME,綾瀬理恵,158,13.0,13.0,,
恋ひ恋ふ縁,POPS&ANIME,KOTOKO,144,11.5,11.9,,
Transcend Lights,ゲキマイ,曲：小高光太郎／歌：オンゲキシューターズ,105,12.0,12.2,,
Get the star for you [DJ Command Remix],東方Project,SOUND HOLIC Vs. Eurobeat Union feat. 709sec.,162,12.5,12.7,,
Music Evolution,東方Project,DiGiTAL WiNG feat. 花たん,150,13.0,13.0,,
ハウリング,東方Project,Liz Triangle,184,12.0,12.4,,
寡黙なるフォール,東方Project,石鹸屋,200,14.0,14.0,,
みずいろレインドロップ,東方Project,暁Records,176,13.0,13.0,,
BlackFlagBreaker!!,POPS&ANIME,社築 × sasakure.UK,163,14.0,14.0,,
レッド・ルーラー,POPS&ANIME,ドーラ × sasakure.UK,144,13.5,13.7,,
1,POPS&ANIME,MOB CHOIR「モブサイコ100 Ⅲ」,168,13.0,13.1,,
Before I Rise,POPS&ANIME,麻枝 准×やなぎなぎ「ヘブンバーンズレッド」,140,11.5,11.9,,
ミックスナッツ,POPS&ANIME,Official髭男dism TVアニメ『SPY×FAMILY』オープニング主題歌,300,13.0,13.0,,
阿修羅ちゃん,POPS&ANIME,Ado,156,13.0,13.0,,
なにやってもうまくいかない,POPS&ANIME,meiyo,125,12.5,12.7,,
ユメヲカケル！,POPS&ANIME,スペシャルウィーク (CV.和氣あず未)、サイレンススズカ (CV.高野麻里佳)、トウカイテイオー(CV.Machico)、ウオッカ (CV.大橋彩香)、ダイワスカーレット (CV.木村千咲)、ゴールドシップ (CV.上田 瞳)、メジロマックイーン (CV.大西沙織)／TVアニメ『ウマ娘 プリティーダービー Season 2』,195,12.5,12.6,,
いただきバベル (Prod. ケンモチヒデフミ),POPS&ANIME,黒鉄たま (CV: 秋奈)「電音部」,142,13.0,13.0,,
キュートなカノジョ,niconico,syudou　feat.音楽的同位体　可不（KAFU）,160,13.0,13.0,,
神っぽいな,niconico,ピノキオピー,142,12.5,12.5,,
トンデモワンダーズ,niconico,sasakure.UK,172,13.5,13.7,,
スカーレット警察のゲットーパトロール24時,東方Project,七条レタスグループ,160,13.5,13.9,,
I'm so Happy,VARIETY,Ryu☆,181,13.5,13.7,,
Random,VARIETY,Sobrem × Silentroom,132,14.0,14.4,,
超Rock The Party,イロドリミドリ,舞ヶ原シンセ研究会,155,13.0,13.3,,
アンビバレンス,ゲキマイ,すりぃ×相沢,187,12.5,12.6,,
TEmPTaTiON,ゲキマイ,かねこちはる,160,14.5,14.8,,
Falsum Atlantis.,ゲキマイ,kanone,160,14.5,14.8,,
ミラージュ・フレイグランス,ゲキマイ,Sound piercer “Espitz”,158,14.0,14.3,,
インパアフェクシオン・ホワイトガアル,ORIGINAL,ツミキ feat.月乃,207,14.0,14.1,,
クリーパー,ORIGINAL,遼遼 feat.あじっこ,96,12.0,12.3,,
Ignition,ORIGINAL,パソコン音楽クラブ,160,13.5,13.8,,
推してもダメならひいてみな！,ORIGINAL,桃井はるこ,192,12.5,12.7,,
ガチ恋ラビリンス,ORIGINAL,森羅万象,213,14.0,14.0,,
CELERITAS,ORIGINAL,山本真央樹,190,14.5,14.5,,
グラウンドスライダー協奏曲第一番「風唄」,ORIGINAL,削除,165,15.0,15.3,,
Crawler / Flyer,ORIGINAL,MaiR,184,13.5,13.7,,
Re:Credits,ORIGINAL,BOOGEY VOXX feat.IURA TOI,132,13.5,13.6,,
Cheat Sheet,ORIGINAL,Yaca × gaburyu,0,13.5,13.8,,
One Room Sky,ORIGINAL,MonsterZ MATE,0,13.5,13.5,,
Revived,東方Project,UNDEAD CORPORATION,0,14.0,14.2,,
デザイアシューティング,東方Project,あ～るの～と,0,11.5,11.5,,
Mami Mami Zone,東方Project,REDALiCE feat. 野宮あゆみ,0,13.0,13.2,,
Armageddon,東方Project,LeaF,0,14.5,14.9,,
田中,VARIETY,立秋 feat.ちょこ,0,14.5,14.6,,
INSIDE IDENTITY,POPS&ANIME,Black Raison d’être「中二病でも恋がしたい！」,0,12.5,12.7,,
Van!shment Th!s World,POPS&ANIME,Black Raison d’être「中二病でも恋がしたい！戀」,0,12.0,12.2,,
がんばれ！蜘蛛子さんのテーマ,POPS&ANIME,「私」(CV：悠木碧）「蜘蛛ですが、なにか？」,0,14.0,14.3,,
新世界スターター,イロドリミドリ,小仏 凪(CV:佐倉 薫)＆五十嵐 撫子(CV:花井 美春),0,12.5,12.7,,
Girl's Party Planet!,ゲキマイ,曲：山本恭平（Arte Refact）／歌：桜井 春菜(CV：近藤 玲奈)、早乙女 彩華(CV：中島 唯)、井之原 小星(CV：ももの はるな)、柏木 咲姫(CV：石見 舞菜香),0,11.5,11.7,,
Viyella's Scream,ゲキマイ,Laur,0,14.5,14.9,,
Desperado Waltz,ゲキマイ,ぺのれり,0,14.5,14.6,,
ステラ,niconico,じん / 初音ミク / Leo/need「プロジェクトセカイ カラフルステージ！ feat. 初音ミク」,197,13.0,13.1,,
Ready Steady,niconico,Giga / 初音ミク / Vivid BAD SQUAD「プロジェクトセカイ カラフルステージ！ feat. 初音ミク」,115,13.0,13.1,,
群青讃歌,niconico,Eve / 初音ミク、星乃一歌、花里みのり、小豆沢こはね、天馬司、宵崎奏「プロジェクトセカイ カラフルステージ！ feat. 初音ミク」,168,12.0,12.3,,
キャットラビング,niconico,香椎モイミ,163,12.0,12.4,,
マーシャル・マキシマイザー,niconico,柊マグネタイト feat.可不,190,13.5,13.8,,
GRÄNDIR,ゲキマイ,Rigel Theatre feat. ミーウェル,170,13.5,13.8,,
Advance（CHUNITHM edit）,VARIETY,プロデュース：ワンダープラネット　作曲・編曲：加藤浩義（ノイジークローク）「クラッシュフィーバー」,140,13.5,13.8,,
任せてJC陰陽師☆八雲ちゃん,ORIGINAL,永倉秋斗 feat.キャサリン,185,13.0,13.3,,
†大闘士＝クライン・フォーゲル・シュピール＝えりか†,ORIGINAL,立秋 feat.ちょこ,200,14.5,14.6,,
Fallin' Darlin' Rollin',ORIGINAL,ave;new feat.佐倉紗織,202,13.0,13.0,,
恋するみたいに☆かませレッドヘルズ,ORIGINAL,コバヤシユウヤ（IOSYS） feat.miko,194,12.5,12.9,,
シンデレラ,niconico,DECO*27,158,12.0,12.1,,
アニマル,niconico,DECO*27,188,13.0,13.3,,
パラサイト,niconico,DECO*27,138,12.5,12.5,,
きゅうくらりん,niconico,いよわ,220,13.5,13.6,,
生きる,niconico,水野あつ,112,13.0,13.1,,
MAIGAHARA パンチラインキッカーズ,イロドリミドリ,箱部 なる(CV:M・A・O)＆小野 美苗(CV:伊藤 美来),158,13.0,13.0,,
エータ・ベータ・イータ,ゲキマイ,ルゼ,186,14.5,14.7,,
irony,POPS&ANIME,ClariS「俺の妹がこんなに可愛いわけがない。」,134,11.5,11.7,,
お空のニュークリアフュージョン道場,東方Project,ARM＋夕野ヨシミ (IOSYS) feat. 藤枝あかね,175,13.5,13.5,,
全人類ノ非想天則,東方Project,SOUND HOLIC feat. 匠眞,168,13.0,13.4,,
三妖精SAY YA!!!,東方Project,森羅万象,150,12.0,12.2,,
U&iVERSE -銀河鸞翔-,ゲキマイ,Kai VS 大国奏音 VS 水野健治,0,14.0,14.4,,
RELOAD,ゲキマイ,sky_delta,0,14.0,14.4,,
アイ情劣等生,niconico,かいりきベア「#コンパス」,199,13.0,13.0,,
アイロニック,niconico,Kanaria「#コンパス」,198,13.0,13.1,,
孤独毒毒,niconico,syudou「#コンパス」,155,12.5,12.8,,
スティールユー,niconico,Omoi「#コンパス」,190,12.5,12.8,,
マチガイサガシ,niconico,まふまふ「#コンパス」,192,12.5,12.7,,
痛快リズムアクション「B.B.K.K.B.K.K.」,イロドリミドリ,Sampling masters なる＆せりな feat.なでしこ,180,14.0,14.2,,
SUPER AMBULANCE,ゲキマイ,AJURIKA,0,14.5,14.5,,
盟月,ORIGINAL,打打だいず,0,14.5,14.9,,
Bitter Juicy,ORIGINAL,mommy,0,13.5,13.9,,
Disruptor Array,ORIGINAL,Akira Complex vs kiraku,0,15.0,15.2,,
Daphnis,ORIGINAL,Sobrem a.k.a. Widowmaker,0,15.0,15.4,,
To：Be Continued,ORIGINAL,uma vs. ガリガリさむし,0,15.0,15.2,,
アマカミサマ,POPS&ANIME,名取さな,0,11.5,11.9,,
だじゃれくりえぃしょん,POPS&ANIME,名取さな,0,12.0,12.3,,
ワールドイズマイン,niconico,supercell feat. 初音ミク,0,11.5,11.6,,
フューチャー・イヴ,niconico,sasakure.UK feat. 初音ミク,0,13.5,13.9,,
Magic Rock'n Roll Maker,イロドリミドリ,月鈴 白奈(CV:高野 麻里佳)＆葛城 華(CV:丸岡 和佳奈),0,12.5,12.6,,
FLUFFY FLASH,ゲキマイ,Kobaryo,0,14.5,14.8,,
Alexandrite,VARIETY,WAiKURO「Arcaea」,0,14.0,14.4,,
PRAGMATISM -RESURRECTION-,VARIETY,Laur「Arcaea」,0,14.0,14.3,,
Alice's Suitcase,VARIETY,Endorfin.「Arcaea」,0,13.0,13.3,,
迷える音色は恋の唄,VARIETY,からとPαnchii少年 feat.はるの「Arcaea」,0,13.5,13.9,,
Sheriruth,VARIETY,Team Grimoire「Arcaea」,0,14.5,14.7,,
STARRED HEART,ゲキマイ,曲：広川恵一 (MONACA)／歌：オンゲキシューターズ,0,12.0,12.4,,
幻想即興曲,VARIETY,穴山大輔「原曲:ショパン」,0,14.5,14.8,,
月の光,VARIETY,大国奏音「原曲:ドビュッシー」,0,14.5,14.8,,
「四季」より「冬」,VARIETY,光吉猛修「原曲:ヴィヴァルディ」,0,14.0,14.4,,
Moon of Noon,ゲキマイ,Sampling Masters MEGA,0,14.0,14.3,,
4月1日でございました,ORIGINAL,Cranky,0,14.5,14.7,,
五等分のカタチ,POPS&ANIME,中野家の五つ子（花澤香菜・竹達彩奈・伊藤美来・佐倉綾音・水瀬いのり）「五等分の花嫁∬」,0,11.0,11.3,,
魔法少女とチョコレゐト,niconico,ピノキオピー,0,13.0,13.0,,
少女レイ,niconico,みきとP,0,12.0,12.3,,
超常マイマイン,ゲキマイ,ナユタン星人,0,12.0,12.0,,
VIIIbit Explorer,ゲキマイ,Lime,0,14.0,14.3,,
MAXRAGE,ゲキマイ,EBIMAYO,0,14.0,14.2,,
ぱくぱく☆がーる,ゲキマイ,曲：齋藤大／歌：珠洲島 有栖(CV：長縄 まりあ),0,12.0,12.2,,
Resolution,ゲキマイ,曲：ANCHOR／歌：皇城 セツナ(CV：八巻 アンナ),0,13.5,13.9,,
ヒストリー×ブレイカー,ゲキマイ,曲：中土智博／歌：⊿TRiEDGE [高瀬 梨緒(CV：久保 ユリカ)、結城 莉玖(CV：朝日奈 丸佳)、藍原 椿(CV：橋本 ちなみ)],0,13.0,13.0,,
"Ruler Count, Zero",ゲキマイ,曲：本多友紀（Arte Refact）／歌：R.B.P. [九條 楓(CV：佳村 はるか)、逢坂 茜(CV：大空 直美)、珠洲島 有栖(CV：長縄 まりあ)],133,13.0,13.4,,
絆はずっとGrowing Up!!!,ゲキマイ,曲：原田篤（Arte Refact）／歌：ASTERISM [星咲 あかり(CV：赤尾 ひかる)、藤沢 柚子(CV：久保田 梨沙)、三角 葵(CV：春野 杏)],190,12.0,12.4,,
アマツカミ,ゲキマイ,a_hisa,180,14.0,14.2,,
No Limit RED Force,ゲキマイ,曲：本多友紀（Arte Refact）／歌：オンゲキシューターズ,0,13.0,13.0,,
進め！マイウェイ！,ゲキマイ,曲：篠崎あやと、橘亮祐／歌：マーチングポケッツ [日向 千夏(CV：岡咲 美保)、柏木 美亜(CV：和氣 あず未)、東雲 つむぎ(CV：和泉 風花)],0,12.0,12.0,,
Burn My Soul,POPS&ANIME,She is Legend「ヘブンバーンズレッド」,0,12.5,12.8,,
Let you DIVE!,VARIETY,HARDCORE TANO*C & エリザベス（CV:大西沙織）「WACCA」,0,12.0,12.0,,
Knight Rider,VARIETY,USAO「WACCA」,0,14.0,14.2,,
ADAM,VARIETY,P*Light「WACCA」,200,14.0,14.1,,
Exitium,VARIETY,Laur「WACCA」,260,14.5,14.8,,
eden,VARIETY,“漆黒”の堕天使《Gram》†Versus† “聖刻”の熾天使《Gram》「WACCA」,246,14.5,14.8,,
青春コンプレックス,POPS&ANIME,結束バンド「ぼっち・ざ・ろっく！」,0,12.5,12.6,,
ギターと孤独と蒼い惑星,POPS&ANIME,結束バンド「ぼっち・ざ・ろっく！」,0,12.0,12.4,,
INTERNET OVERDOSE,POPS&ANIME,Aiobahn feat. KOTOKO「NEEDY GIRL OVERDOSE」,0,13.0,13.0,,
新時代（ウタfrom ONE PIECE FILM RED）,POPS&ANIME,Ado,0,12.0,12.2,,
祝福,POPS&ANIME,YOASOBI「機動戦士ガンダム 水星の魔女」,0,12.0,12.1,,
刃渡り2億センチ(TV edit),POPS&ANIME,マキシマム ザ ホルモン「チェンソーマン」,0,14.5,14.5,,
おとせサンダー,POPS&ANIME,ぼっちぼろまる,0,11.5,11.9,,
カレシのジュード,niconico,syudou,0,12.5,12.9,,
サラマンダー,niconico,DECO*27,0,12.0,12.0,,
酔いどれ知らず,niconico,Kanaria,0,13.5,13.5,,
もぺもぺ,VARIETY,LeaF,0,14.0,14.2,,
neu,VARIETY,少年ラジオ,0,14.5,14.9,,
雷切-RAIKIRI-,ゲキマイ,kanone,0,14.5,14.7,,
LAMIA,ゲキマイ,BlackY,0,15.0,15.1,,
オンソクデイズ!!,ゲキマイ,cosMo＠暴走P,0,14.5,14.8,,
ウルガレオン,ORIGINAL,bermei.inazawa,0,14.5,14.6,,
やめらんないな!,ORIGINAL,薄塩指数 feat.KMNZ LIZ,0,12.0,12.2,,
Dive a Wave,ORIGINAL,蝶々P feat.くろくも,0,12.5,12.9,,
ASH,ORIGINAL,cubesato,0,14.0,14.1,,
Makear,ORIGINAL,MisoilePunch♪,0,15.0,15.3,,
プライマリー進化論,イロドリミドリ,HaNaMiNa feat.芒崎 奏,0,12.5,12.6,,
フリーフォール,VARIETY,Zekk「WACCA」,0,14.0,14.0,,
Invisible Frenzy,VARIETY,Kobaryo「WACCA」,0,15.0,15.0,,
Quon,VARIETY,DJ Noriken,0,13.5,13.8,,
幻想症候群,東方Project,幽閉サテライト,0,11.5,11.8,,
夜のサーカス,東方Project,Liz Triangle,0,13.5,13.5,,
Pris-Magic!,POPS&ANIME,しぐれうい,0,12.0,12.2,,
放課後マーメイド,POPS&ANIME,しぐれうい,0,12.0,12.1,,
Snow Colored Score,イロドリミドリ,イロドリミドリ,0,11.0,11.1,14.0,14.2
LiftOff,ゲキマイ,MAYA AKAI,0,14.5,14.6,,
独りんぼエンヴィー,niconico,koyori（電ポルＰ）,0,11.0,11.4,,
ゴー・トゥ・大都会,niconico,"月裏, ニャン・トンロン",0,14.0,14.1,,
Shine In The Sky☆,POPS&ANIME,U149　TVアニメ「アイドルマスター シンデレラガールズ U149」,0,12.0,12.2,,
よりみちリトルスター,POPS&ANIME,U149　TVアニメ「アイドルマスター シンデレラガールズ U149」,0,12.5,12.9,,
Hydra,VARIETY,James Landino X Akira Complex「Cytus Ⅱ」,0,14.0,14.4,,
Survive,VARIETY,Kevin Penkin feat. Nikki Simmons「Cytus Ⅱ」,0,13.5,13.8,,
シンデレラディスコ,ゲキマイ,曲：橘亮祐、篠崎あやと／歌：藍原 椿(CV：橋本 ちなみ)、早乙女 彩華(CV：中島 唯),0,12.0,12.3,,
うたかたのせかいで,ORIGINAL,DJ Raisei vs. Setca. feat.nayuta,0,14.5,14.7,,
とあちゃんのおもちゃ箱,ORIGINAL,linear ring,0,14.5,14.8,,
白庭,ORIGINAL,くるぶっこちゃん,0,14.0,14.3,,
REL0VE REL1VE,ORIGINAL,CHUBAY×打打だいず,0,13.5,13.9,,
deadeye,ORIGINAL,Acotto,0,14.5,14.6,,
Aiolos,ゲキマイ,xi,0,14.5,14.8,,
花となれ,niconico,雄之助　feat. 可不,0,11.5,11.9,,
カノン,niconico,柊マグネタイト　feat.可不,0,12.5,12.8,,
異星にいこうね,niconico,いよわ　feat.星界,0,13.0,13.2,,
悪魔の踊り方,niconico,キタニタツヤ,0,12.5,12.6,,
ド屑,niconico,なきそ,0,13.0,13.0,,
夏色花火,ゲキマイ,"曲：穴山大輔, 水野健治／歌：藤沢 柚子(CV：久保田 梨沙)、早乙女 彩華(CV：中島 唯)",0,11.0,11.3,,
夢と幻想の終点にて,ORIGINAL,しーけー,0,14.0,14.1,,
Superbia,ORIGINAL,Team Grimoire,0,14.5,14.8,,
空間創造理論,ORIGINAL,Sound piercer,0,14.5,14.5,,
βlαnoir,ORIGINAL,Aoi,0,15.0,15.2,,
リハーサルタイム,イロドリミドリ,明坂 芹菜(CV:新田 恵海)＆萩原 七々瀬(CV:東城 日沙子)＆芒崎 奏(CV:立花 理香),0,12.5,12.7,,
Cult future,ゲキマイ,LV.4,0,14.5,14.8,,
Night Spider,POPS&ANIME,▽▲TRiNITY▲▽,0,12.5,12.9,,
#あくあ色ぱれっと,POPS&ANIME,湊あくあ（ホロライブ）,0,11.5,11.8,,
いつかオトナになれるといいね。,niconico,ツユ,0,12.5,12.8,,
ハイファイ☆デイズ,POPS&ANIME,佐々木千枝、櫻井桃華、市原仁奈、龍崎薫、赤城みりあ「アイドルマスター シンデレラガールズ」,0,12.5,12.7,,
幾四音-Ixion-【止】,WORLD'S END,M.S.S Project,210,,,,
B.B.K.K.B.K.K.【戻】,WORLD'S END,nora2r,170,,,,
Garakuta Doll Play (sasakure.UK clutter remix)【改】,WORLD'S END,sasakure.UK,256,,,,
"Help me, あーりん！【嘘】",WORLD'S END,イロドリミドリ,183,,,,
FREEDOM DiVE【狂】,WORLD'S END,xi,222,,,,
チルノのパーフェクトさんすう教室【避】,WORLD'S END,ARM＋夕野ヨシミ (IOSYS) feat.miko,175,,,,
回レ！雪月花【速】,WORLD'S END,歌組雪月花 夜々(原田 ひとみ)/いろり(茅野 愛衣)/小紫(小倉 唯) 「機巧少女は傷つかない」,160,,,,
Oshama Scramble!【改】,WORLD'S END,t+pazolite,190,,,,
Paqqin【止】,WORLD'S END,owl＊tree,110,,,,
あねぺったん【嘘】,WORLD'S END,月鈴姉妹(イロドリミドリ),180,,,,
だんだん早くなる【時】,WORLD'S END,40mP,126,,,,
Title【招】,WORLD'S END,SoundTeMP「ラグナロクオンライン」,100,,,,
Oshama Scramble! (Cranky Remix)【？】,WORLD'S END,Cranky,190,,,,
今ぞ♡崇め奉れ☆オマエらよ！！～姫の秘メタル渇望～【狂】,WORLD'S END,あべにゅうぷろじぇくと feat.佐倉 紗織　produced by ave;new,214,,,,
AMAZING MIGHTYYYY!!!!【戻】,WORLD'S END,WAiKURO,185,,,,
イロドリミドリ杯花映塚全一決定戦公式テーマソング『ウソテイ』【嘘】,WORLD'S END,イロドリミドリ,190,,,,
青春サイダー【布】,WORLD'S END,SPRiNGS「温泉むすめ」,160,,,,
ウソラセラ【両】,WORLD'S END,ピノキオピー,188,,,,
GEMINI -M-【舞】,WORLD'S END,Tatsh,180,,,,
volcanic【狂】,WORLD'S END,DETRO a.k.a ルゼ,191,,,,
Devastating Blaster【覚】,WORLD'S END,INNOCENT NOIZE,160,,,,
Starlight Disco【舞】,WORLD'S END,loos feat. Meramipop,128,,,,
WARNING×WARNING×WARNING【！】,WORLD'S END,暁Records,172,,,,
Angel dust【狂】,WORLD'S END,LV.4,170,,,,
End Time【狂】,WORLD'S END,Cres.,180,,,,
コーチンズカップ・クラシック【！】,WORLD'S END,POPHOLIC「龍が如く５　夢、叶えし者」,162,,,,
folern【狂】,WORLD'S END,ぬゆり,200,,,,
STARTLINER【避】,WORLD'S END,曲：kz(livetune)／歌：オンゲキシューターズ,135,,,,
星の器～STAR OF ANDROMEDA【狂】,WORLD'S END,sun3,155,,,,
ロキ【割】,WORLD'S END,みきとP,150,,,,
Ai Nov【撃】,WORLD'S END,Feryquitous,195,,,,
巫女みこナース・愛のテーマ【狂】,WORLD'S END,Chu☆,160,,,,
Taiko Drum Monster【招】,WORLD'S END,steμ feat.siroa「太鼓の達人」より,266,,,,
Fidget Dancer【戻】,WORLD'S END,nora2r,175,,,,
Memory of Beach【招】,WORLD'S END,M2U,130,,,,
Viyella's Tears【撃】,WORLD'S END,Laur,218,,,,
Therapeutic Hoedown【蔵】,WORLD'S END,うどんゲルゲ,165,,,,
やらなきゃいけないことばかり【狂】,WORLD'S END,小仏 凪(CV:佐倉 薫)＆月鈴 白奈(CV:高野 麻里佳),140,,,,
Nijirate Fanatics【？】,WORLD'S END,yukitani,210,,,,
もってけ!セーラーふく【止】,WORLD'S END,泉こなた（CV.平野 綾）、柊かがみ（CV.加藤英美里）、柊つかさ（CV.福原香織）、高良みゆき（CV.遠藤 綾）「らき☆すた」,150,,,,
タテマエと本心の大乱闘【撃】,WORLD'S END,曲：鯨井国家／歌：藍原 椿(CV：橋本 ちなみ),180,,,,
Trackless wilderness【狂】,WORLD'S END,Noah,217,,,,
Trrricksters!!【狂】,WORLD'S END,s-don vs. 翡乃イスカ,155,,,,
董卓討つべし【覚】,WORLD'S END,おもしろ三国志,140,,,,
裏表ラバーズ【招】,WORLD'S END,wowaka,159,,,,
宙の隣【？】,WORLD'S END,くるぶっこちゃん,130,,,,
きゅうりバーにダイブ【光】,WORLD'S END,ゆずひこ feat.めらみぽっぷ,176,,,,
XL TECHNO -More Dance Remix-【割】,WORLD'S END,from PACA PACA PASSION Special,150,,,,
Elemental Ethnic【止】,WORLD'S END,Yooh,163,,,,
アルストロメリア【蔵】,WORLD'S END,TAG,144,,,,
ラグトレイン【両】,WORLD'S END,稲葉曇,147,,,,
ダブルラリアット【割】,WORLD'S END,アゴアニキ,138,,,,
]-[|/34<#!【跳】,WORLD'S END,並木学（ナミキマナブ）「怒首領蜂大復活」,225,,,,
Aragami【光】,WORLD'S END,xi,196,,,,
Love & Justice【狂】,WORLD'S END,BACO,200,,,,
Random【分A】,WORLD'S END,Sobrem × Silentroom,132,,,,
Random【分B】,WORLD'S END,Sobrem × Silentroom,132,,,,
Random【分C】,WORLD'S END,Sobrem × Silentroom,132,,,,
Random【分D】,WORLD'S END,Sobrem × Silentroom,132,,,,
Random【分E】,WORLD'S END,Sobrem × Silentroom,132,,,,
Random【分F】,WORLD'S END,Sobrem × Silentroom,132,,,,
FIRE BIRD【招】,WORLD'S END,Roselia「バンドリ！ ガールズバンドパーティ！」,150,,,,
Baqeela【撃】,WORLD'S END,owl＊tree,130,,,,
まっすぐ→→→ストリーム！【狂】,WORLD'S END,曲：本多友紀（Arte Refact）／歌：日向 千夏(CV：岡咲 美保),184,,,,
創世のコンツェルティーナ【蔵】,WORLD'S END,大嶋啓之,142,,,,
さんさーら！【？】,WORLD'S END,ARuFa,140,,,,
ENDYMION【招】,WORLD'S END,fallen shepherd ft. RabbiTon Strings,440,,,,
The Metaverse -First story of the SeelischTact-【光】,WORLD'S END,光吉猛修 VS 目黒将司,190,,,,
Satellite System ft.Diana Chiaki【止】,WORLD'S END,GRATEC MOUR「CROSSxBEATS」,128,,,,
ホーリーサンバランド【狂】,WORLD'S END,SAMBA MASTER 佐藤,150,,,,
痛快リズムアクション「B.B.K.K.B.K.K.」【覚】,WORLD'S END,Sampling masters なる＆せりな feat.なでしこ,0,,,,
なにやってもうまくいかない【光】,WORLD'S END,meiyo,0,,,,
Aleph-0【避】,WORLD'S END,LeaF,0,,,,
Revived【狂】,WORLD'S END,UNDEAD CORPORATION,0,,,,
モア！ジャンプ！モア！【跳】,WORLD'S END,ナユタン星人 / 初音ミク / MORE MORE JUMP！「プロジェクトセカイ カラフルステージ！ feat. 初音ミク」,0,,,,
お空のニュークリアフュージョン道場【両】,WORLD'S END,ARM＋夕野ヨシミ (IOSYS) feat. 藤枝あかね,0,,,,
