SortNo,Music_Title,Nickname,Artist,BPM,Notes,Side,Pack,Version,FTR_Level,FTR_Const,ETR_Level,ETR_Const,BYD_Level,BYD_Const,Image
1,Sayonara Hatsukoi,さよならはつこい,REDSHiFT,178,666,Hikari,Arcaea,1,7,7,,,,,./ImageDatas/Sayonara Hatsukoi.jpg.webp
2,Fairytale,ふぇありーている,chitose,189,782,Hikari,Arcaea,1,7,7,,,,,./ImageDatas/Fairytale 3.jpg.webp
3,Vexaria,ヴェクセリア,ak+q,180,734,Hikari,Arcaea,1,7,7,,,,,./ImageDatas/Vexaria.jpg.webp
4,Rise,らいず,Combatplayer,140,788,Hikari,Arcaea,1,7.7,7.7,,,,,./ImageDatas/Rise.jpg.webp
5,Lucifer,るしふぁー,chitose,165,861,Tairitsu,Arcaea,1,8,8.2,,,,,./ImageDatas/Lucifer.jpg.webp
6,Snow White,すのーほわいと,Puru,150,978,Hikari,Arcaea,1,8,8.4,,,,,./ImageDatas/Snow White.jpg.webp
7,Shades of Light in a Transcendent Realm,さですおぶらいといんとらんせんでんとれるむ,ak+q,170,1067,Hikari,Arcaea,1,8,8.3,,,,,./ImageDatas/Shades of Light in a Transcendent Realm-fixed.jpg.webp
8,Babaroque,ばばろっく,cYsmix,136,808,Hikari,Arcaea,1,8,8.5,,,,,./ImageDatas/Babaroque.jpg
9,Lost Civilization,ろすとしびらいぜーしょん,Laur vs CK,210,986,Tairitsu,Arcaea,1,9,9.2,,,,,./ImageDatas/Lost Civilization.jpg.webp
10,GOODTEK(Arcaea Edit),グッテク,EBIMAYO,190,968,Hikari,Arcaea,1,9,9.3,,,,,./ImageDatas/GOODTEK (Arcaea Edit).jpg.webp
11,qualia -ideaesthesia-,クアリア,nitro,144,1022,Tairitsu,Arcaea,1,9,9.1,,,,,./ImageDatas/qualia -ideaesthesia-.jpg
12,cry of viyella,くらいおぶびえら,Laur,180,791,Tairitsu,Eternal Core,1,8.7,8.7,,,,,./ImageDatas/cry of viyella 2.jpg.webp
13,I've heard it said,あいぶはーどいっとせいど,Combatplayer,165,864,Hikari,Eternal Core,1,8,8.1,,,,,./ImageDatas/I've heard it said.jpg.webp
14,memoryfactory.lzh,メモファク,Frums,100,672,Hikari,Eternal Core,1,8.7,8.9,,,,,./ImageDatas/memoryfactory.lzh.jpg
15,Relentless,りれんとれす,Akira Complex,174,1015,Tairitsu,Eternal Core,1,8,8,,,,,./ImageDatas/Relentless_2.jpg.webp
16,Lumia,るみあ,sky_delta,180,961,Hikari,Eternal Core,1,8,8.4,,,,,./ImageDatas/Lumia.jpg.webp
17,Essence of Twilight,えっせんすおぶとわいらいと,ak+q,164,1204,Tairitsu,Eternal Core,1,9,9.1,,,,,./ImageDatas/Essence of Twilight.jpg.webp
18,PRAGMATISM,プラグマ,Laur,174,942,Hikari,Eternal Core,1,10,10.1,,,,,./ImageDatas/PRAGMATISM-R.jpg.webp
19,Sheriruth,シェリダー,Team Grimoire,185,1151,Tairitsu,Eternal Core,1,10,10.1,,,,,./ImageDatas/Sheriruth.jpg.webp
20,Dement ~after legend~,でぃめんと,Cosmograph,210,970,Tairitsu,Arcaea,1,7.7,7.7,,,,,./ImageDatas/Dement ~after legend~.jpg.webp
21,Dandelion,だんでらいおん,Farhan,169,921,Hikari,Arcaea,1,8,8.5,,,,,./ImageDatas/Dandelion.jpg
22,Infinity Heaven,いんふぃにてぃへぶん,Hyun,160,853,Hikari,Arcaea,1,7.7,7.7,,,,,./ImageDatas/Infinity Heaven.jpg.webp
23,Anökumene,あねくめね,Jun Kuroda,186,851,Tairitsu,Arcaea,1,9,9.2,,,,,./ImageDatas/Anokumene.jpg.webp
24,Brand new world,ぶらんどにゅーわーるど,U-ske,160,787,Hikari,Arcaea,1,7.7,7.7,,,,,./ImageDatas/Brand new world.jpg.webp
25,Paradise,ぱらだいす,Sound Souler,125,729,Hikari,Crimson Solace,1,7.7,7.7,,,,,./ImageDatas/Paradise.jpg.webp
26,Flashback,ふらっしゅばっく,ARForest,195,856,Hikari,Crimson Solace,1,8.7,8.8,,,,,./ImageDatas/Flashback.jpg.webp
27,フライブルクとエンドロウル,フライブルク,アリスシャッハと魔法の楽団,180,930,Hikari,Crimson Solace,1,9,9,,,,,./ImageDatas/Flyburg and Endroll.jpg.webp
28,Party Vinyl,パーティヴァイナル,モリモリあつし,132,800,Hikari,Crimson Solace,1,9,9.4,,,,,./ImageDatas/Party Vinyl.jpg.webp
29,Nirv lucE,ルーチェ,しーけー,260,980,Hikari,Crimson Solace,1,10,10.3,,,,,./ImageDatas/Nirv lucE.jpg.webp
30,Chronostasis,くろのすたしす,黒皇帝,196,916,Tairitsu,Arcaea,1.01,8.7,8.9,,,,,./ImageDatas/Chronostasis.jpg.webp
31,神奈川電脳暗渠,神奈川,南ゆに,180,1111,Hikari,Arcaea,1.01,9,9,,,,,./ImageDatas/Kanagawa Cyber Culvert.jpg.webp
32,DataErr0r,デタエラ,Cosmograph,180,955,Tairitsu,Memory Archive,1.01,9,9.5,,,,,./ImageDatas/DataErr0r.jpg.webp
33,CROSS♰SOUL‪,くろすそうる,Hyun feat. Syepias,200,1081,Tairitsu,Memory Archive,1.01,9,9.4,,,,,./ImageDatas/CROSS†SOUL.jpg.webp
34,Your voice so... feat. Such,ゆあぼいすそー,PSYQUI,176,1013,Hikari,Memory Archive,1.01,9,9.4,,,,,./ImageDatas/Your voice so... feat. Such.jpg.webp
35,クロートーと星の観測者,クロートー,しーけー,230,1021,Hikari,Arcaea,1.01,7.7,7.7,,,,,./ImageDatas/Clotho and the stargazer.jpg.webp
36,Moonlight of Sand Castle,すなしろ,旅人E,160,645,Hikari,Dynamix,1.01,7.7,7.7,,,,,./ImageDatas/Moonlight of Sand Castle.jpg.webp
37,REconstruction,りこんすとらくしょん,Ryazan,180,825,Hikari,Dynamix,1.01,8,8.4,,,,,./ImageDatas/REconstruction.jpg.webp
38,Evoltex (poppi'n mix),エボルテ,Arch vs n3pu,205,775,Hikari,Dynamix,1.01,8.7,8.9,,,,,./ImageDatas/Evoltex (poppi'n mix).jpg.webp
39,Oracle,オラクル,TQ☆,152,963,Tairitsu,Dynamix,1.01,9,9.3,,,,,./ImageDatas/Oracle.jpg.webp
40,α‪terlβus,アーテルバス,Aoi,202,1030,Tairitsu,Dynamix,1.01,10,10.2,,,,,./ImageDatas/αterlβus.jpg.webp
41,Ignotus,いぐのたす,ak+q,170,1225,Tairitsu,Arcaea,1.01,9,9.3,,,,,./ImageDatas/Ignotus.jpg.webp
42,不浄な白い鳥,ふじょうなしろいとり,MIssionary,184,805,Hikari,Memory Archive,1.01,9,9.4,,,,,./ImageDatas/Impure Bird.jpg.webp
43,ハルトピア ~Utopia of Spring~,はるとぴあ,A-zu-ra,185,1061,Hikari,Arcaea,1.01,8,8.5,,,,,./ImageDatas/Harutopia ~Utopia of Spring~.jpg
44,Blossoms,ぶろっさむず,T2Kazuya,138,655,Hikari,Ambivalent Vision,1.01,7,7,,,,,./ImageDatas/Blossoms.jpg.webp
45,vsキミ戦争,キミ戦争,U-ske (feat. lueur),187,641,Hikari,Ambivalent Vision,1.01,7.7,7.7,,,,,./ImageDatas/Romance Wars.jpg.webp
46,Moonheart,ムーンハート,翡乃イスカ,180,947,Hikari,Ambivalent Vision,1.01,8,8.4,,,,,./ImageDatas/Moonheart.jpg.webp
47,Genesis,じぇねしす,Iris,132,713,Tairitsu,Ambivalent Vision,1.01,8,8.2,,,,,./ImageDatas/Genesis.jpg.webp
48,Lethaeus,レーテウス,Silentroom,155,900,Tairitsu,Ambivalent Vision,1.01,9.7,9.7,,,,,./ImageDatas/Lethaeus.jpg.webp
49,Auxesia,あうくせしあ,ginkiha,183,1000,Hikari,Memory Archive,1.01,9,9.3,,,,,./ImageDatas/Auxesia.jpg.webp
50,Rabbit In The Black Room,らびっといんざぶらっくるーむ,Rabbit House,270,772,Tairitsu,Arcaea,1.01,8,8.4,,,,,./ImageDatas/Rabbit In The Black Room.jpg.webp
51,Modelista,モデリスタ,HiTECH NINJA,165,1010,Hikari,Memory Archive,1.01,10,10,,,,,./ImageDatas/Modelista.jpg.webp
52,One Last Drive,わんらすとどらいぶ,REDSHiFT,175,885,Hikari,Arcaea,1.05,8,8.2,,,,,./ImageDatas/One Last Drive.jpg.webp
53,Dreamin' Attraction!!,どりーみん,翡乃イスカ,205,1129,Hikari,Arcaea,1.05,9,9.4,,,,,./ImageDatas/Dreamin' Attraction!!.jpg.webp
54,Red and Blue,レッドブル,Silentroom,150,845,Tairitsu,Arcaea,1.05,9,9.4,,,,,./ImageDatas/Red and Blue.jpg.webp
55,Iconoclast,いこのくらすと,Yamajet,140,795,Tairitsu,Vicious Labyrinth,1.05,9,9.1,,,,,./ImageDatas/Iconoclast.jpg.webp
56,SOUNDWiTCH,音魔女,HATE,170,785,Tairitsu,Vicious Labyrinth,1.05,9.7,9.9,,,,,./ImageDatas/SOUNDWiTCH.jpg.webp
57,妖艶魔女 -trappola bewitching-,妖艶,gmtn.,190,1044,Tairitsu,Vicious Labyrinth,1.05,10,10,,,,,./ImageDatas/trappola bewitching.jpg.webp
58,conflict,コンフリ,siromaru + cranky,160,1056,Tairitsu,Vicious Labyrinth,1.05,10,10.2,,,,,./ImageDatas/conflict.jpg.webp
59,Axium Crisis,あくしうむ,ak+q,170,1094,Tairitsu,Vicious Labyrinth,1.05,10.7,10.7,,,,,./ImageDatas/Axium Crisis.jpg.webp
60,Grievous Lady,グリバ,Team Grimoire vs Laur,210,1450,Tairitsu,Vicious Labyrinth,1.05,11,11.3,,,,,./ImageDatas/Grievous Lady.jpg.webp
61,Surrender,されんだー,void,152,925,Hikari,Memory Archive,1.05,8.7,8.8,,,,,./ImageDatas/Surrender.jpg.webp
62,夜桜吹雪,よざくらふぶき,A.SAKA,172,931,Hikari,Memory Archive,1.05,9,9.4,,,,,./ImageDatas/Yosakura Fubuki.jpg.webp
63,Reinvent,れいんべんと,Sound Souler,174,852,Hikari,Arcaea,1.05,8,8.5,,,,,./ImageDatas/Reinvent.jpg.webp
64,Syro,さいろ,Mitomoro,178,1150,Hikari,Arcaea,1.05,9,9.3,,,,,./ImageDatas/Syro.jpg.webp
65,Dream goes on,どりーむごーずおん,Tiny Minim,174,719,Hikari,Lanota,1.05,7.7,7.7,,,,,./ImageDatas/Dream goes on.jpg
66,Journey,じゃーにー,ARForest,200,997,Hikari,Lanota,1.05,9,9.1,,,,,./ImageDatas/Journey.jpg.webp
67,Specta,すぺくた,Junk,179,1096,Hikari,Lanota,1.05,9,9.5,,,,,./ImageDatas/Specta.jpg.webp
68,Quon,くおん,Feryquitous,189,991,Hikari,Lanota,1.05,9,9.6,,,,,./ImageDatas/Quon.jpg.webp
69,cyanine,シアニン,jioyi,182,1171,Tairitsu,Lanota,1.05,10,10.6,,,,,./ImageDatas/cyanine.jpg.webp
70,Metallic Punisher,メタパニ,INNOCENT NOISE,165,1238,Tairitsu,Memory Archive,1.05,10,10.3,,,,,./ImageDatas/Metallic Punisher.jpg.webp
71,Blaster,ぶらすたー,Massive New Krew,180,1002,Tairitsu,Arcaea,1.05,9,9.3,,,,,./ImageDatas/Blaster.jpg.webp
72,next to you,ねくすととぅーゆー,"uma feat. 橘花音	",165,824,Hikari,Binary Enfold,1.06,8.7,8.8,,,,,./ImageDatas/next to you.jpg.webp
73,Silent Rush,さいれんとらっしゅ,Soleily,158,941,Tairitsu,Binary Enfold,1.06,8,8.6,,,,,./ImageDatas/Silent Rush.jpg.webp
74,Strongholds,すとろんぐほーるず,Yooh,105,922,Tairitsu,Binary Enfold,1.06,9,9.2,,,,,./ImageDatas/Strongholds.jpg.webp
75,Memory Forest,メモ森,ETIA.,178,978,Hikari,Binary Enfold,1.06,9.7,9.8,,,,,./ImageDatas/Memory Forest.jpg.webp
76,Singularity,シンギュラ,ETIA.,175,1105,Tairitsu,Binary Enfold,1.06,10.7,10.7,,,,,./ImageDatas/Singularity.jpg.webp
77,carmine:scythe,カーマイン,かゆき,165,1164,Tairitsu,Memory Archive,1.06,9,9.6,,,,,./ImageDatas/carmine_scythe.jpg.webp
78,γuarδina,ガーディナ,Aoi,202,1120,Hikari,Memory Archive,1.06,10,10.4,,,,,./ImageDatas/guardina.jpg.webp
79,Cybernecia Catharsis,サイバネシア,Tanchiky,184,946,Tairitsu,Arcaea,1.06,9,9.5,,,,,./ImageDatas/Cybernecia Catharsis.jpg.webp
80,Be There,びーぜあー,PSYQUI,164,982,Hikari,Memory Archive,1.06,9,9.4,,,,,./ImageDatas/Be There.jpg.webp
81,inkar-usi,いんかるし,DIA,102,463,Hikari,Arcaea,1.06,7.7,7.7,,,,,./ImageDatas/inkar-usi.jpg.webp
82,Call My Name feat. Yukacco,こーるまいねーむ,Mameyudoufu,175,921,Hikari,Memory Archive,1.06,8.7,8.7,,,,,./ImageDatas/Call My Name feat. Yukacco.jpg
83,Suomi,すおみ,Aire,125,818,Hikari,Arcaea,1.07,7.7,7.7,,,,,./ImageDatas/Suomi.jpg.webp
84,Bookmaker (2D Version),ぶっくまーかー,Kobaryo,175,1124,Tairitsu,Arcaea,1.07,8,8.3,,,,,./ImageDatas/Bookmaker (2D Version).jpg.webp
85,堕楽の園,だらくのその,gmtn. (witch's slave),168,1061,Tairitsu,Arcaea,1.07,9,9.5,,,,,./ImageDatas/Illegal Paradise.jpg.webp
86,九番目の迷路,きゅうばんめのめいろ,アリスシャッハと魔法の楽団,159,775,Hikari,Luminous Sky,1.07,8.7,8.9,,,,,./ImageDatas/Maze No.9-2.jpg.webp
87,The Message,ざめっせーじ,Jun Kuroda,202,992,Hikari,Luminous Sky,1.07,9.7,9.7,,,,,./ImageDatas/The Message.jpg.webp
88,Sulfur,さるふぁー,ぺのれり,182,1045,Hikari,Luminous Sky,1.07,9.7,9.7,,,,,./ImageDatas/Sulfur.jpg.webp
89,Halcyon,はるしおん,xi,191,1227,Hikari,Luminous Sky,1.07,10.7,10.7,,,,,./ImageDatas/Halcyon.jpg.webp
90,Ether Strike,えーてるすとらいく,Akira Complex,156,1170,Hikari,Luminous Sky,1.07,10,10.3,,,,,./ImageDatas/Ether Strike.jpg.webp
91,Fracture Ray,フラクチャ,Sakuzyo,200,1279,Hikari,Luminous Sky,1.07,11,11.3,,,,,./ImageDatas/Fracture Ray.jpg.webp
92,Nhelv,ねるふ,Silentroom,174.59,1108,Tairitsu,Arcaea,1.07,9.7,9.9,,,,,./ImageDatas/Nhelv.jpg.webp
93,dropdead,ドロデ,Frums,50,823,Tairitsu,Memory Archive,1.07,8.7,9.1,,,,,./ImageDatas/dropdead.jpg.webp
94,Fallensquare,フォーレン,Silentroom,99,703,Tairitsu,Memory Archive,1.07,9,9.6,,,,,./ImageDatas/Fallensquare.jpg
95,白道、多希望羊と信じありく。,びゃくどう,Apo11o program ft. 大瀬良あい,192,1058,Tairitsu,Arcaea,1.07,9,9.6,,,,,./ImageDatas/LunarOrbit -believe in the Espebranch road-.jpg.webp
96,Purgatorium,ぷるがと,お月さま交響曲,150,983,Tairitsu,Arcaea,1.07,8,8.4,,,,,./ImageDatas/Purgatorium.jpg.webp
97,Alexandrite,あれきさんどらいと,WAiKURO,146,1040,Tairitsu,Memory Archive,1.07,10,10,,,,,./ImageDatas/Alexandrite.jpg.webp
98,光,ひかり,THB,130,684,Tairitsu,Tone Sphere,1.08,8,8.1,,,,,./ImageDatas/Hikari.jpg.webp
99,Hall of Mirrors,ほーるおぶみらーず,Sta,147,898,Tairitsu,Tone Sphere,1.08,8,8.2,,,,,./ImageDatas/Hall of Mirrors.jpg.webp
100,STAGER (ALL STAGE CLEAR),すていじゃー,Ras,145,1004,Hikari,Tone Sphere,1.08,9,9.5,,,,,./ImageDatas/STAGER (ALL STAGE CLEAR) 03.jpg.webp
101,Linear Accelerator,リニア,THE SHAFT,211.9,905,Hikari,Tone Sphere,1.08,9.7,9.8,,,,,./ImageDatas/Linear Accelerator.jpg.webp
102,Tiferet,てぃふぁれっと,xi vs Sta,140,1086,Tairitsu,Tone Sphere,1.08,10,10.4,,,,,./ImageDatas/Tiferet.jpg.webp
103,Rugie,るぎえ,Feryquitous feat.Sennzai,191,975,Tairitsu,Arcaea,1.08,9,9.2,,,,,./ImageDatas/Rugie.jpg.webp
104,Astral tale,あすとらるてーる,Noah,134,884,Tairitsu,Memory Archive,1.08,9,9.6,,,,,./ImageDatas/Astral tale.jpg.webp
105,Phantasia,ふぁんたしあ,Yunosuke,153,952,Hikari,Memory Archive,1.08,9,9.2,,,,,./ImageDatas/Phantasia.jpg.webp
106,Empire of Winter,えんぱいあおぶうぃんたー,Street,175,920,Hikari,Memory Archive,1.08,9,9,,,,,./ImageDatas/Empire of Winter.jpg.webp
107,MERLIN,まーりん,REDALiCE,180,712,Hikari,Groove Coaster,1.09,8.7,8.9,,,,,./ImageDatas/MERLIN.jpg.webp
108,DX超性能フルメタル少女,フルメタ,IOSYS TRAX (uno with.ちょこ),160,808,Hikari,Groove Coaster,1.09,9.7,9.8,,,,,./ImageDatas/DX Choseinou Full Metal Shojo.jpg.webp
109,OMAKENO Stroke,おまけの,t+pazolite,240,869,Tairitsu,Groove Coaster,1.09,9,9.5,,,,,./ImageDatas/OMAKENO Stroke.jpg.webp
110,Scarlet Lance,スカラン,MASAKI (ZUNTATA),185,1130,Hikari,Groove Coaster,1.09,10,10.1,,,,,./ImageDatas/Scarlet Lance.jpg.webp
111,ouroboros -twin stroke of the end-,ウロボ,Cranky VS MASAKI,188,1369,Tairitsu,Groove Coaster,1.09,10.7,10.7,,,,,./ImageDatas/ouroboros -twin stroke of the end-.jpg.webp
112,Libertas,りべるたす,Zekk,160,947,Hikari,Memory Archive,1.09,9,9.2,,,,,./ImageDatas/Libertas.jpg.webp
113,虚空の夢,こくうのゆめ,ak+q feat.Sennzai,162,972,Hikari,Eternal Core,1.09,8.7,8.8,,,,,./ImageDatas/Solitary Dream_ja.jpg.webp
114,Grimheart,ぐりむはーと,Puru,170,959,Hikari,Arcaea,2,8.7,8.7,,,,,./ImageDatas/Grimheart.jpg.webp
115,ReviXy,リヴィクシー,ikaruga nex,185,1047,Tairitsu,Arcaea,2,9,9,,,,,./ImageDatas/ReviXy.jpg.webp
116,Antithese,あんちてーぜ,Blacklolita,172,877,Tairitsu,Absolute Reason,2,8.7,8.8,,,,,./ImageDatas/Antithese.jpg.webp
117,Black Territory,ブラテリ,DJ Myosuke,200,1195,Tairitsu,Absolute Reason,2,9.7,9.8,,,,,./ImageDatas/Black Territory.jpg.webp
118,Corruption,こらぷしょん,3R2,170,1293,Tairitsu,Absolute Reason,2,9.7,9.8,,,,,./ImageDatas/Corruption.jpg.webp
119,Vicious Heroism,ヒロイズム,Kobaryo,256,1150,Tairitsu,Absolute Reason,2,10,10,,,,,./ImageDatas/Vicious Heroism.jpg.webp
120,Cyaegha,しあえが,USAO,200,1368,Tairitsu,Absolute Reason,2,10.7,10.7,,,,,./ImageDatas/Cyaegha.jpg.webp
121,VECTOR,べくたー,WHITEFISTS,200,1299,Tairitsu,Arcaea,2,9,9.4,,,,,./ImageDatas/VECTOЯ.jpg.webp
122,SUPERNOVA,すーぱーのば,BACO,150,1123,Tairitsu,Arcaea,2,9.7,9.7,,,,,./ImageDatas/SUPERNOVA.jpg.webp
123,Dot to Dot feat. shully,どっととぅーどっと,Mameyudoufu,174,739,Hikari,Memory Archive,2,8,8.3,,,,,./ImageDatas/Dot to Dot feat. shully.jpg.webp
124,Garakuta Doll Play,ガラクタ,t+pazolite,256,1035,Tairitsu,CHUNITHM,2.01,10,10.4,,,,,./ImageDatas/Garakuta Doll Play.jpg.webp
125,怒槌,ドトール,光吉猛修,200,1347,Tairitsu,CHUNITHM,2.01,10,10.4,,,,,./ImageDatas/Ikazuchi.jpg.webp
126,World Vanquisher,バンキシャ,Void (Mournfinale),170,1452,Hikari,CHUNITHM,2.01,10.7,10.8,,,,,./ImageDatas/World Vanquisher.jpg.webp
127,Dreadnought,ドレノ,Mastermind (xi + nora2r),384,1099,Tairitsu,Memory Archive,2.02,9.7,9.7,,,,,./ImageDatas/Dreadnought.jpg.webp
128,Particle Arts,ぱーてぃくるあーつ,Virtual Self,175,925,Tairitsu,Adverse Prelude,2.02,8.7,8.8,,,,,./ImageDatas/Particle Arts.jpg.webp
129,Vindication,ヴィンディケーション,Laur,174,1075,Hikari,Adverse Prelude,2.02,9,9.6,,,,,./ImageDatas/Vindication.jpg.webp
130,Heavensdoor,天門,LeaF,240,1101,Tairitsu,Adverse Prelude,2.02,9.7,9.9,,,,,./ImageDatas/Heavensdoor.jpg
131,Ringed Genesis,リンジェネ,Edelritter,160,1146,Hikari,Adverse Prelude,2.02,10.7,10.8,,,,,./ImageDatas/Ringed Genesis.jpg.webp
132,Chelsea,ちぇるしー,7mai,174,650,Hikari,Sunset Radiance,2.03,8.7,8.9,,,,,./ImageDatas/Chelsea.jpg.webp
133,AI[UE]OON,あいうえおおん,MYUKKE.,145,989,Hikari,Sunset Radiance,2.03,9,9.4,,,,,./ImageDatas/AI_UE_OON.jpg.webp
134,迷える音色は恋の唄,恋の唄,からとPanchii少年 feat.はるの,165,931,Hikari,Sunset Radiance,2.03,9,9.6,,,,,./ImageDatas/A Wandering Melody of Love.jpg.webp
135,Tie me down gently,たいみーだうんじぇんとりぃ,溝口ゆうま feat. 大瀬良あい,191,724,Tairitsu,Sunset Radiance,2.03,8,8.3,,,,,./ImageDatas/Tie me down gently.jpg.webp
136,Valhalla:0,ヴァルハラ,Juggernaut.,200,1173,Tairitsu,Sunset Radiance,2.03,10,10.4,,,,,./ImageDatas/Valhalla_0.jpg.webp
137,Mirzam,みるざむ,Aoi vs. siqlo,201,1303,Tairitsu,Memory Archive,2.03,10,10,,,,,./ImageDatas/Mirzam.jpg.webp
138,Diode,だいおーど,Kolaa,132,709,Hikari,Arcaea,2.04,8,8.1,,,,,./ImageDatas/Diode.jpg.webp
139,FREEF4LL,ふりーふぉーる,YUKIYANAGI,170,1023,Tairitsu,Arcaea,2.04,8,8.6,,,,,./ImageDatas/FREEF4LL.jpg.webp
140,GLORY：ROAD,グロロ,uma vs. モリモリあつし,250,1479,Hikari,Crimson Solace,2.04,10,10.6,,,,,./ImageDatas/GLORY_ROAD.jpg.webp
141,Monochrome Princess,モノクローム,polysha,160,974,Tairitsu,Arcaea,2.04,9.7,9.7,,,,,./ImageDatas/Monochrome Princess.jpg.webp
142,Heavenly caress,ヘブンリー,Noah,241,1560,Hikari,Memory Archive,2.04,9.7,9.8,,,,,./ImageDatas/Heavenly caress.jpg.webp
143,Senkyou,せんきょう,MYTK,90,964,Hikari,Arcaea,2.04,8.7,8.7,,,,,./ImageDatas/Senkyou.jpg.webp
144,Filament,ふぃらめんと,Puru,170,991,Hikari,Memory Archive,2.04,9.7,9.7,,,,,./ImageDatas/Filament.jpg.webp
145,Avant Raze,あばんとれいず,Sampling Masters MEGA,200,1125,Tairitsu,Memory Archive,2.04,9,9.6,,,,,./ImageDatas/Avant Raze.jpg.webp
146,BATTLE NO.1,バトワン,TANO*C Sound Team,200,1042,Tairitsu,Memory Archive,2.04,9.7,9.7,,,,,./ImageDatas/BATTLE NO.1.jpg.webp
147,La'qryma of the Wasteland,ラクリマ,DJ Noriken,168,956,Tairitsu,Memory Archive,2.05,9,9.1,,,,,./ImageDatas/La'qryma of the Wasteland.jpg.webp
148,Einherjar Joker,えいんへりあるじょーかー,DJ Genki vs Gram,222,1159,Tairitsu,Memory Archive,2.05,9.7,9.8,,,,,./ImageDatas/Einherjar Joker.jpg.webp
149,IZANA,いざな,t+pazolite vs P*Light,222,976,Hikari,Memory Archive,2.05,10,10.3,,,,,./ImageDatas/IZANA.jpg.webp
150,最強STRONGER,最スト,REDALiCE vs USAO,205,1384,Tairitsu,Memory Archive,2.05,11,11,,,,,./ImageDatas/SAIKYO STRONGER.jpg.webp
151,world.execute(me);,わーるどえぐぜきゅーとみー,Mili,130,851,Hikari,Arcaea,2.05,8,8,,,,,./ImageDatas/world-execute-me.jpg.webp
152,BLRINK,ぶりんく,Sta,115,1015,Tairitsu,Adverse Prelude,2.05,9.7,9.7,,,,,./ImageDatas/BLRINK.jpg.webp
153,Oblivia,おぶりびあ,Saiph,180,956,Hikari,Arcaea,2.06,8,8.3,,,,,./ImageDatas/Oblivia.jpg.webp
154,amygdata,あみぐでーた,nitro,154,1199,Tairitsu,Memory Archive,2.06,9.7,9.7,,,,,./ImageDatas/amygdata.jpg.webp
155,corps-sans-organes,コープス,cybermiso,105,1077,Tairitsu,Ambivalent Vision,2.06,10,10.6,,,,,./ImageDatas/corps-sans-organes.jpg.webp
156,Equilibrium,えくいりぶりむ,Maozon,180,951,Hikari,Black Fate,3,9,9.4,,,,,./ImageDatas/Equilibrium.jpg.webp
157,Antagonism,アンタゴ,Yooh vs. siromaru,160,1142,Tairitsu,Black Fate,3,9.7,9.9,,,,,./ImageDatas/Antagonism.jpg.webp
158,Lost Desire,ロスデザ,Powerless feat. Sennzai,170,1154,Tairitsu,Black Fate,3,9.7,9.8,,,,,./ImageDatas/Lost Desire.jpg.webp
159,Dantalion,ダンタ,Team Grimoire,186,1476,Tairitsu,Black Fate,3,10.7,10.9,,,,,./ImageDatas/Dantalion.jpg.webp
160,#1f1e33,カラコ,かめりあ(EDP),181,1576,Tairitsu,Black Fate,3,10.7,10.9,,,,,./ImageDatas/#1f1e33-2.jpg.webp
161,Tempestissimo,テンペ,t+pazolite,231,1254,Tairitsu,Black Fate,3,10.7,10.7,,,,,./ImageDatas/Tempestissimo.jpg.webp
162,Arcahv,アーカヴ,Feryquitous,191,1065,Hikari,Black Fate,3,9.7,9.9,,,,,./ImageDatas/Arcahv.jpg.webp
163,Vivid Theory,びびっとせおりー,ak+q,178,885,Hikari,Extend Archive 1,3,8.7,8.8,,,,,./ImageDatas/Vivid Theory.jpg.webp
164,1F√,いふるーと,WHITEFISTS,130,758,Hikari,Extend Archive 1,3,8,8.2,,,,,./ImageDatas/1F√.jpg.webp
165,Gekka (Short Version),げっか,Nhato,132,817,Hikari,Extend Archive 1,3,8,8.6,,,,,./ImageDatas/Gekka (Short Version).jpg.webp
166,Give Me a Nightmare,ぎぶみーあないとまーれ,アリスシャッハと魔法の楽団,190,948,Tairitsu,Extend Archive 1,3,8.7,8.9,,,,,./ImageDatas/Give Me a Nightmare.jpg.webp
167,Black Lotus,ぶらっくろーたす,wa.,200,965,Tairitsu,Extend Archive 1,3,9.7,9.7,,,,,./ImageDatas/Black Lotus.jpg.webp
168,Altale,あるたいる,Sakuzyo,90,690,Hikari,Memory Archive,3,9.7,9.7,,,,,./ImageDatas/Altale.jpg.webp
169,Faint Light (Arcaea Edit),ふぁいんとらいと,Taishi,133,809,Hikari,Extend Archive 1,3,9,9.1,,,,,./ImageDatas/Faint Light (Arcaea Edit).jpg.webp
170,Feels So Right feat. Renko,ふぃーるそーらいと,Mysteka,180,947,Hikari,Memory Archive,3,9,9.3,,,,,./ImageDatas/Feels So Right feat. Renko.jpg.webp
171,Scarlet Cage,すかーれっとけーじ,Daisuke Kurosawa,166,1195,Tairitsu,Memory Archive,3,9.7,9.8,,,,,./ImageDatas/Scarlet Cage.jpg.webp
172,Teriqma,てりくま,owl*tree,128,873,Tairitsu,Memory Archive,3,9,9.4,,,,,./ImageDatas/Teriqma.jpg.webp
173,MAHOROBA,まほろば,Zekk,195,828,Hikari,Memory Archive,3,9,9.5,,,,,./ImageDatas/MAHOROBA.jpg.webp
174,Vexaria,ヴェクセリア,ak+q,180,785,Hikari,Arcaea,3,,,,,9,9,./ImageDatas/Vexaria-b.jpg.webp
175,Fairytale,ふぇありーている,chitose,189,932,Hikari,Arcaea,3,,,,,9,9.5,./ImageDatas/Fairytale-b.jpg.webp
176,Infinity Heaven,いんふぃにてぃーへぶん,HyuN,160,986,Hikari,Arcaea,3,,,,,9,9.6,./ImageDatas/Infinity Heaven-b.jpg.webp
177,GOODTEK(Arcaea Edit),グッテク,EBIMAYO,190,1103,Hikari,Arcaea,3,,,,,9.7,9.8,./ImageDatas/GOODTEK (Arcaea Edit)-b.jpg.webp
178,Tempestissimo,テンペ,t+pazolite,231,1540,Tairitsu,Black Fate,3,,,,,11,11.5,./ImageDatas/Tempestissimo-b.jpg.webp
179,BADTEK,バッテク,EBIMAYO,190,916,Tairitsu,Memory Archive,3.01,9.7,9.7,,,,,./ImageDatas/BADTEK.jpg.webp
180,Malicious Mischance,マリミス,s-don,155,1126,Tairitsu,Memory Archive,3.01,10,10.2,,,,,./ImageDatas/Malicious Mischance.jpg.webp
181,Purgatorium,ぷるがと,お月さま交響曲,150,1051,Tairitsu,Arcaea,3.01,,,,,9,9.6,./ImageDatas/Purgatorium-b.jpg.webp
182,Dement ~after legend~,でぃめんと,Cosmograph,210,1040,Tairitsu,Arcaea,3.01,,,,,9.7,9.9,./ImageDatas/Dement ~after legend~-b.jpg.webp
183,Got hive of Ra,ごっとはいぶおぶら,E.G.G,268,794,Hikari,Groove Coaster,3.02,9.7,9.8,,,,,./ImageDatas/Got hive of Ra.jpg.webp
184,BUCHiGiRE Berserker,ブチギレ,REDALiCE vs MASAKI,200,1412,Tairitsu,Memory Archive,3.02,10.7,10.9,,,,,./ImageDatas/BUCHiGiRE Berserker.jpg.webp
185,Galaxy Friends,ギャラフレ,Kobaryo,300,1013,Tairitsu,Memory Archive,3.02,9.7,9.8,,,,,./ImageDatas/Galaxy Friends.jpg.webp
186,CROSS♰OVER,くろすおーばー,HyuN Feat. LyuU,200,1094,Tairitsu,Extend Archive 1,3.02,9,9.4,,,,,./ImageDatas/CROSS†OVER.jpg.webp
187,Lapis,らぴす,SHIKI,146,920,Hikari,Extend Archive 1,3.02,9,9.4,,,,,./ImageDatas/Lapis.jpg.webp
188,Xeraphinite,せらふぃないと,BlavkY,146,1048,Hikari,Memory Archive,3.02,9.7,9.8,,,,,./ImageDatas/Xeraphinite.jpg.webp
189,Xanatos,たなとす,Tatsh,170,1232,Tairitsu,Memory Archive,3.02,10,10,,,,,./ImageDatas/Xanatos.jpg.webp
190,Lumia,るみあ,sky_delta,180,814,Hikari,Arcaea,3.02,,,,,9,9.5,./ImageDatas/Lumia-b.jpg.webp
191,Alice a la mode,ありすあらもーど,Masanori Akita,134,872,Hikari,Ephemeral Page,3.03,9,9.2,,,,,./ImageDatas/Alice a la mode.jpg.webp
192,Eccentric Tale,えくせんとりっくてーる,Yamajet,132,732,Tairitsu,Ephemeral Page,3.03,8,8.4,,,,,./ImageDatas/Eccentric Tale.jpg.webp
193,Alice's Suitcase,ありすすーつけーす,Endorfin.,190,999,Hikari,Ephemeral Page,3.03,9,9.1,,,,,./ImageDatas/Alice's Suitcase.jpg.webp
194,Jump,じゃんぷ,Rasmus Faber,133,841,Hikari,Ephemeral Page,3.03,9,9,,,,,./ImageDatas/Jump.jpg.webp
195,Felis,ふぇりす,M2U,155,1153,Hikari,Ephemeral Page,3.03,10,10.4,,,,,./ImageDatas/Felis.jpg.webp
196,Purple Verse,ぱーぷるばーす,Hommarju,170,1023,Tairitsu,Extend Archive 1,3.03,9,9.6,,,,,./ImageDatas/Purple Verse.jpg.webp
197,Beside You,びさいどゆー,江口孝宏,181,703,Hikari,Ephemeral Page,3.03,8.7,8.7,,,,,./ImageDatas/Beside You.jpg.webp
198,Heart Jackin',はーとじゃっきん,Yu_Asahina,160,1112,Hikari,Ephemeral Page,3.03,9.7,9.7,,,,,./ImageDatas/Heart Jackin'.jpg.webp
199,アリス・リデルに捧ぐ,アリリデ,モリモリあつし,222,998,Tairitsu,Ephemeral Page,3.03,10,10.3,,,,,./ImageDatas/To_ Alice Liddell.jpg.webp
200,Lazy Addiction,れいじーあでぃくしょん,sky_delta,185,1031,Hikari,O.N.G.E.K.I.,3.04,9,9.6,,,,,./ImageDatas/Lazy Addiction.jpg.webp
201,Dazzle hop,だずるほっぷ,Sampling Masters MEGA,220,1022,Tairitsu,O.N.G.E.K.I.,3.04,9.7,9.7,,,,,./ImageDatas/Dazzle hop.jpg.webp
202,Viyella's Tears,ヴィエラ,Laur,218,1403,Tairitsu,O.N.G.E.K.I.,3.04,10,10.3,,,,,./ImageDatas/Viyella's Tears.jpg.webp
203,ω4,けつよん,穴山大輔 VS 光吉猛修 VS Kai,192,1393,Hikari,O.N.G.E.K.I.,3.04,10.7,10.8,,,,,./ImageDatas/ω4.jpg.webp
204,四月の雨,しがつのあめ,cubesato,79,697,Hikari,maimai,3.04,8,8.3,,,,,./ImageDatas/April showers.jpg.webp
205,7thSense,せぶんすせんす,削除,150,925,Tairitsu,maimai,3.04,9.7,9.9,,,,,./ImageDatas/7thSense.jpg
206,Oshama Scramble!,おしゃま,t+pazolite,190,1073,Hikari,maimai,3.04,10,10,,,,,./ImageDatas/Oshama Scramble!.jpg
207,AMAZING MIGHTYYYY!!!!,アメマイ,WAiKURO,185,1249,Tairitsu,maimai,3.04,10.7,10.7,,,,,./ImageDatas/AMAZING MIGHTYYYY!!!!.jpg
208,Moonheart,ムーンハート,翡乃イスカ,180,1139,Hikari,Ambivalent Vision,3.04,,,,,9.7,9.7,./ImageDatas/Moonheart-b.jpg.webp
209,Climax,くらいまっくす,USAO,190,1367,Tairitsu,CHUNITHM,3.05,10,10.4,,,,,./ImageDatas/Climax.jpg.webp
210,Last Celebration,ラスセレ,Laur vs CK,238,1475,Tairitsu,CHUNITHM,3.05,10,10.5,,,,,./ImageDatas/Last Celebration.jpg.webp
211,業 -善なる神とこの世の悪について-,業,光吉猛修 VS 穴山大輔,190,1522,Hikari,CHUNITHM,3.05,10.7,10.9,,,,,./ImageDatas/Misdeed -la bonte de Dieu et l'origine du mal-.jpg.webp
212,AttraqtiA,あとらくてぃあ,かめりあ,202,1433,Hikari,Memory Archive,3.05,10,10.6,,,,,./ImageDatas/AttraqtiA.jpg.webp
213,Glow,ぐろう,SPACELECTRO,165,916,Tairitsu,Extend Archive 1,3.05,9,9.3,,,,,./ImageDatas/Glow.jpg.webp
214,enchanted love,えんちゃんてっどらぶ,linear ring,95,759,Hikari,Extend Archive 1,3.05,8,8.4,,,,,./ImageDatas/enchanted love.jpg.webp
215,竹,たけ,立秋 feat. ちょこ,315,1050,Hikari,Extend Archive 1,3.05,10,10,,,,,./ImageDatas/Bamboo.jpg.webp
216,GIMME DA BLOOD,ぎみーだぶらっど,C-Show,110,1093,Tairitsu,Memory Archive,3.05,10,10.4,,,,,./ImageDatas/GIMME DA BLOOD.jpg.webp
217,ベースラインやってる？w,ベースライン,かめりあ feat. ななひら,128,861,Hikari,Memory Archive,3.05,9,9.3,,,,,./ImageDatas/Can I Friend You On Bassbook_ Lol.jpg.webp
218,Life is PIANO,らいふいずぴあの,Junk,133,674,Hikari,Extend Archive 1,3.05,9,9.1,,,,,./ImageDatas/Life is PIANO.jpg.webp
219,Paper Witch,ぺーぱーうぃっち,Yu-dachi,130,793,Hikari,Esoteric Order,3.06,8.7,8.7,,,,,./ImageDatas/Paper Witch.jpg.webp
220,Crystal Gravity,くりすたるぐらびてぃ,Tanchiky vs. siromaru,178,872,Tairitsu,Esoteric Order,3.06,9,9.4,,,,,./ImageDatas/Crystal Gravity.jpg.webp
221,Far Away Light,ふぁーあうぇいらいと,technoplanet feat. はるの & 黒沢ダイスケ,216,1322,Hikari,Esoteric Order,3.06,9.7,9.8,,,,,./ImageDatas/Far Away Light-fixed.jpg.webp
222,Löschen,れっしぇん,BlackY feat. Risa Yuzuki,181,1235,Tairitsu,Esoteric Order,3.06,10,10.2,,,,,./ImageDatas/Löschen.jpg.webp
223,Aegleseeker,アイグレ,Silentroom vs Frums,234,1568,Hikari,Esoteric Order,3.06,11,11.1,,,,,./ImageDatas/Aegleseeker.jpg.webp
224,Coastal Highway,こうすたるはいうぇい,Glitch Droids,110,732,Hikari,Esoteric Order,3.06,9,9,,,,,./ImageDatas/Coastal Highway.jpg.webp
225,ΟΔΥΣΣΕΙΑ,おでゅっせいあ,Sober Bear,174,1092,Tairitsu,Esoteric Order,3.06,9,9.5,,,,,./ImageDatas/ΟΔΥΣΣΕΙΑ.jpg.webp
226,Overwhelm,おーばーうぇるむ,xi,200,1251,Hikari,Esoteric Order,3.06,10,10.6,,,,,./ImageDatas/Overwhelm.jpg.webp
227,Vandalism,ヴァンダリズム,Ashrount,194,1087,Tairitsu,Extend Archive 1,3.06,9.7,9.7,,,,,./ImageDatas/Vandalism.jpg.webp
228,Turbocharger,たーぼちゃーじゃー,A/I,170,979,Hikari,Extend Archive 1,3.06,9,9,,,,,./ImageDatas/Turbocharger.jpg.webp
229,THE ULTIMACY,じあるてぃましー,aran vs Massive New Krew,200,1304,Tairitsu,Memory Archive,3.06,9.7,9.8,,,,,./ImageDatas/THE ULTIMACY.jpg.webp
230,烈華RESONANCE,れっか,REDALiCE vs Kobaryo,240,1212,Hikari,Memory Archive,3.06,10.7,10.7,,,,,./ImageDatas/REKKA RESONANCE.jpg.webp
231,next to you,ねくすととぅーゆー,"uma feat. 橘花音	",165,954,Hikari,Binary Enfold,3.06,,,,,9,9.6,./ImageDatas/next to you-b.jpg.webp
232,Lost Civilization,ろすとしびらいぜーしょん,Laur vs CK,210,1061,Tairitsu,Arcaea,3.06,,,,,9.7,9.8,./ImageDatas/Lost Civilization-b.jpg.webp
233,La'qryma of the Wasteland,ラクリマ,DJ Noriken,168,1161,Tairitsu,Memory Archive,3.06,,,,,9.7,9.9,./ImageDatas/La'qryma of the Wasteland-b.jpg.webp
234,Bookmaker (2D Version),ぶっくまーかー,Kobaryo,175,1287,Tairitsu,Arcaea,3.06,,,,,10,10,./ImageDatas/Bookmaker (2D Version)-b.jpg.webp
235,Small Cloud Sugar Candy,SCSC,テヅカ × Aoi feat.桃雛なの,220,919,Hikari,Esoteric Order,3.07,9,9.1,,,,,./ImageDatas/Small Cloud Sugar Candy.jpg.webp
236,AlterAle,あるたーえーる,Arik Kau Delay (アラ&かゆき&でり),245,1277,Hikari,Esoteric Order,3.07,9.7,9.7,,,,,./ImageDatas/AlterAle.jpg.webp
237,光速神授説 - Divine Light of Myriad -,光速,yoho,172,1021,Hikari,Esoteric Order,3.07,10.7,10.8,,,,,./ImageDatas/Divine Light of Myriad.jpg.webp
238,Seclusion,せくるーしょん,Laur feat. Sennzai,175,1132,Tairitsu,Esoteric Order,3.07,10,10.6,,,,,./ImageDatas/Seclusion.jpg.webp
239,狂言綺語,きょうげんきご,影虎。& ikaruga_nex,155,969,Tairitsu,Extend Archive 1,3.07,9,9.3,,,,,./ImageDatas/False Embellishment.jpg.webp
240,HIVEMIND,はいぶまいんど,かたぎり,252,1252,Tairitsu,Extend Archive 1,3.07,10,10,,,,,./ImageDatas/HIVEMIND.jpg.webp
241,Quon,わっかくおん,DJ Noriken,170,749,Tairitsu,WACCA,3.08,8.7,8.7,,,,,./ImageDatas/Quon_WACCA.jpg.webp
242,with U,うぃずゆー,t+pazolite & Massive New Krew feat. リリィ(CV:青木志貴),155,932,Hikari,WACCA,3.08,9,9.4,,,,,./ImageDatas/with U.jpg.webp
243,Let you DIVE! (nitro rmx),れっちゅーだいぶ,nitro (lowiro),185,1049,Hikari,WACCA,3.08,9,9.4,,,,,./ImageDatas/Let you DIVE! (nitro rmx).jpg.webp
244,Mazy Metroplex,めいじーめとろぷれっくす,aran,155,952,Hikari,WACCA,3.08,9.7,9.7,,,,,./ImageDatas/Mazy Metroplex.jpg.webp
245,GENOCIDER,ジェノ,DJ Myosuke,390,1483,Tairitsu,WACCA,3.08,10.7,10.7,,,,,./ImageDatas/GENOCIDER.jpg.webp
246,Sheriruth (Laur Remix),シェリミ,Laur,200,1134,Tairitsu,Memory Archive,3.08,10,10.6,,,,,./ImageDatas/Sheriruth (Laur Remix).jpg
247,緋纏いの宵,ひまといのよい,Freezer feat.妃苺,170,922,Tairitsu,Memory Archive,3.08,9,9.5,,,,,./ImageDatas/Evening in Scarlet.jpg.webp
248,blue comet,ぶるーこめっと,ああああ,172,776,Hikari,Extend Archive 1,3.08,8,8.2,,,,,./ImageDatas/blue comet.jpg.webp
249,ENERGY SYNERGY MATRIX,ESM,Tanchiky,160,922,Tairitsu,Extend Archive 1,3.08,9,9.6,,,,,./ImageDatas/ENERGY SYNERGY MATRIX.jpg.webp
250,G e n g a o z o,げんがおぞ,-45,153,1353,Tairitsu,Extend Archive 1,3.08,10,10.2,,,,,./ImageDatas/G e n g a o z o.jpg.webp
251,goldenslaughterer,ごーるでんすろーたらー,zts,133,1326,Tairitsu,Memory Archive,3.08,9.7,9.7,,,,,./ImageDatas/goldenslaughterer.jpg.webp
252,lastendconductor,らすてんどこんだくたー,zts,139,1209,Tairitsu,Memory Archive,3.08,9,9.4,,,,,./ImageDatas/lastendconductor.jpg.webp
253,Redolent Shape,れどれんとしぇいぷ,Sanaas,150,1088,Tairitsu,Memory Archive,3.08,10,10.2,,,,,./ImageDatas/Redolent Shape.jpg.webp
254,Quon,わっかくおん,DJ Noriken,170,1044,Tairitsu,WACCA,3.08,,,,,10,10.2,./ImageDatas/Quon_WACCA.jpg.webp
255,lastendconductor,らすてんどこんだくたー,zts,139,1339,Tairitsu,Memory Archive,3.08,,,,,10,10.1,./ImageDatas/lastendconductor.jpg.webp
256,Cosmica,こずみか,Nhato,110,773,Tairitsu,Binary Enfold,3.09,8.7,8.8,,,,,./ImageDatas/Cosmica.jpg.webp
257,Ascent,あせんと,TANUKI,145,1023,Hikari,Binary Enfold,3.09,9.7,9.8,,,,,./ImageDatas/Ascent.jpg.webp
258,Live Fast Die Young,LFDY,anubasu-anubasu,153,1292,Hikari,Binary Enfold,3.09,10,10.6,,,,,./ImageDatas/Live Fast Die Young.jpg.webp
259,彩る夏の恋花火,恋花火,karatoPαnchii feat. はるの,160,1088,Hikari,Memory Archive,3.09,9.7,9.9,,,,,./ImageDatas/Summer Fireworks of Love.jpg.webp
260,First Snow,ふぁーすとすのう,黒魔,88,578,Hikari,Divided Heart,3.1,7.7,7.7,,,,,./ImageDatas/First Snow.jpg.webp
261,Blue Rose,ぶるーろーず,Cosmograph,295,955,Hikari,Divided Heart,3.1,9,9.1,,,,,./ImageDatas/Blue Rose.jpg.webp
262,Blocked Library,ぶろっくとらいぶらりー,影虎。,148,850,Tairitsu,Divided Heart,3.1,9,9.3,,,,,./ImageDatas/Blocked Library.jpg.webp
263,nέο κόsmo,ねおこすも,ak+q × Street,190,979,Tairitsu,Divided Heart,3.1,9.7,9.7,,,,,./ImageDatas/nέο κόsmo.jpg.webp
264,Lightning Screw,らいとにんぐすくりゅー,HiTECH NINJA,190,1192,Hikari,Divided Heart,3.1,10,10.5,,,,,./ImageDatas/Lightning Screw.jpg.webp
265,神奈川電脳暗渠,神奈川,南ゆに,180,1121,Hikari,Arcaea,3.1,,,,,9.7,9.8,./ImageDatas/Kanagawa Cyber Culvert-b.jpg.webp
266,qualia -ideaesthesia-,クアリア,nitro,144,1288,Tairitsu,Arcaea,3.1,,,,,9.7,9.7,./ImageDatas/qualia -ideaesthesia--b.jpg.webp
267,Antithese,あんちてーぜ,Blacklolita,172,968,Tairitsu,Absolute Reason,3.1,,,,,9,9.5,./ImageDatas/Antithese-b.jpg.webp
268,Heavensdoor,天門,LeaF,240,1534,Tairitsu,Adverse Prelude,3.1,,,,,10.7,10.8,./ImageDatas/Heavensdoor-b.jpg
269,PRAGMATISM -RESURRECTION-,プラリザ,Laur,174,1502,Hikari,Eternal Core,3.1,,,,,11,11,./ImageDatas/PRAGMATISM-b.jpg.webp
270,Lights of Muse,らいつおぶみゅーず,Ayaytsugu_Otowa,180,580,Hikari,Muse Dash,3.11,8.7,8.7,,,,,./ImageDatas/Lights of Muse.jpg.webp
271,Final Step!,ふぁいなるすてっぷ,Lime,180,1056,Tairitsu,Muse Dash,3.11,9,9.4,,,,,./ImageDatas/Final Step!.jpg.webp
272,秋の陽炎,あきのかげろう,karatoPannchii feat.はるの,180,1077,Hikari,Muse Dash,3.11,9.7,9.8,,,,,./ImageDatas/Haze of Autumn.jpg.webp
273,Medusa,めでぅーさ,HiTECH NINJA,165,931,Tairitsu,Muse Dash,3.11,10,10.2,,,,,./ImageDatas/Medusa.jpg.webp
274,init(),いんいっと,kamome sano,180,1204,Tairitsu,Memory Archive,3.11,9.7,9.8,,,,,./ImageDatas/init().jpg.webp
275,Avril -Flicka i krans-,アエヴリルフリッカイクランス,Rigel Theatre,130,851,Hikari,Arcaea,3.12,8,8.3,,,,,./ImageDatas/Ävril -Flicka i krans-.jpg.webp
276,Sakura Fubuki,さくらふぶき,Street,175,837,Hikari,Arcaea,3.12,9,9.3,,,,,./ImageDatas/Sakura Fubuki.jpg.webp
277,NULCTRL,ぬるかとる,Silentroom,100,715,Tairitsu,Arcaea,3.12,9,9.5,,,,,./ImageDatas/NULCTRL.jpg.webp
278,INTERNET OVERDOSE,いんたーねっとおーばーどーず,Aiobahn feat. KOTOKO,163,657,Hikari,Memory Archive,3.12,8,8.4,,,,,./ImageDatas/INTERNET OVERDOSE.jpg.webp
279,Macrocosmic Modulation,まくろこずみっく,JAKAZiD,170,1117,Hikari,Memory Archive,3.12,9.7,9.8,,,,,./ImageDatas/Macrocosmic Modulation.jpg.webp
280,Kissing Lucifer,キルルシ,ETIA.,170,1183,Tairitsu,Memory Archive,3.12,10,10.4,,,,,./ImageDatas/Kissing Lucifer.jpg.webp
281,NEO WINGS,ねおうぃんぐす,SOUND HOLIC feat. Nana Takahashi,168,1328,Tairitsu,Memory Archive,3.12,10,10.2,,,,,./ImageDatas/NEO WINGS.jpg.webp
282,Aurgelmir,あうるげるみあ,溝口ゆうま feat. 大瀬良あい,230,1100,Tairitsu,Memory Archive,3.12,10,10.5,,,,,./ImageDatas/Aurgelmir.jpg.webp
283,DDD,でーでーでー,はがね,138,653,Hikari,Arcaea,3.12,8,8.5,,,,,./ImageDatas/DDD.jpg.webp
284,Head BONK ache,へっどぼんくあちー,saaa ft. MC iwata Bros.,165,1061,Tairitsu,Arcaea,3.12,9,9.4,,,,,./ImageDatas/Head BONK ache.jpg.webp
285,Prism,ぷりずむ,bermei.inazawa ft. Chata,109,785,Hikari,Lanota,3.12,8,8,,,,,./ImageDatas/Prism.jpg.webp
286,Protoflicker,ぷろとふりっかー,Silentroom,140,1042,Tairitsu,Lanota,3.12,9.7,9.8,,,,,./ImageDatas/Protoflicker.jpg.webp
287,Stasis,すたーしす,Maozon,180,1521,Hikari,Lanota,3.12,10.7,10.7,,,,,./ImageDatas/Stasis.jpg.webp
288,ピコPico*とらんすれーしょんっ！,ぴこぴことらんすれーしょんっ,"t+pazolite,ななひら,Cranky,Pico*",185,1049,Tairitsu,Memory Archive,3.12,9,9.3,,,,,./ImageDatas/PICO-Pico-Translation!.jpg.webp
289,ネコノテ・カリタガール,ねこのてかりたがーる,Ino(chronoize),148,891,Hikari,Arcaea,3.12,9,9.2,,,,,./ImageDatas/Dancin' on A Cat's Paw.jpg.webp
290,μ,みゅー,Frums,190,1256,Hikari,Memory Archive,3.12,9.7,9.7,,,,,./ImageDatas/μ.jpg.webp
291,san skia,さんすきあ,ユアミトス,170,1046,Hikari,Arcaea,3.12,8,8.3,,,,,./ImageDatas/san skia.jpg.webp
292,Ignotus Afterburn,いぐのたすあふたーばーん,Arcaea Sound Team,170,1077,Tairitsu,Arcaea,3.12,,,,,9.7,9.9,./ImageDatas/Ignotus Afterburn.jpg.webp
293,Red and Blue and Green,赤青緑,fn(ArcaeaSoundTeam),160,1194,Tairitsu,Arcaea,3.12,,,,,10,10,./ImageDatas/Red and Blue and Green.jpg.webp
294,Singularity VVVIP,シンギュラ,Arcaea Sound Team against. ETIA.,175,1114,Tairitsu,Binary Enfold,3.12,,,,,10,10.4,./ImageDatas/Singularity VVVIP.jpg.webp
295,overdead.,おばで,fn,500,1503,Tairitsu,Memory Archive,3.12,,,,,10,10.5,./ImageDatas/overdead.jpg.webp
296,MERLIN,まーりん,REDALiCE,180,881,Hikari,Groove Coaster,3.12,,,,,9,9.4,./ImageDatas/MERLIN.jpg.webp
297,OMAKENO Stroke,おまけの,t+pazolite,240,931,Tairitsu,Groove Coaster,3.12,,,,,10,10.2,./ImageDatas/OMAKENO Stroke.jpg.webp
298,Altair (feat. *spiLa*),あるたいあ,kamome sano & you,170,830,Hikari,Arcaea,4,8,8.3,,,,,./ImageDatas/Altair (feat. _spiLa_).jpg.webp
299,無機質世界に彩を,むきしつせかいにいろどりを,MisomyL,155,886,Hikari,Arcaea,4,9,9.2,,,,,./ImageDatas/Redraw the Colorless World.jpg.webp
300,Trap Crow,とらっぷくろう,Puru,80,1074,Tairitsu,Arcaea,4,9.7,9.9,,,,,./ImageDatas/Trap Crow.jpg.webp
301,PUPA,ぴゅーぱ,モリモリあつし,202,1099,Tairitsu,Memory Archive,4,10,10.4,,,,,./ImageDatas/PUPA.jpg.webp
302,Defection,でぃふぃくしょん,TeddyLoid feat. DELTA,160,1141,Hikari,Final Verdict,4,9.7,9.8,,,,,./ImageDatas/Defection.jpg.webp
303,"Infinite Strife,",インフィニット,BlackYooh vs. siromaru,198,1511,Tairitsu,Final Verdict,4,9.7,9.9,,,,,./ImageDatas/Infinite Strife.jpg.webp
304,魔王,まおう,sasakure.UK × TJ.hangneil,280,1225,Hikari,Final Verdict,4,9.7,9.9,,,,,./ImageDatas/World Ender.jpg.webp
305,Pentiment,ペンチ,Noting But Requiem with Museo,222,1345,Tairitsu,Final Verdict,4,10,10.3,,,,,./ImageDatas/Pentiment.jpg.webp
306,Arcana Eden,アルカナ,Team Grimoire vs Sakuzyo,211,1792,Tairitsu,Final Verdict,4,10,10.5,,,,,./ImageDatas/Arcana Eden.jpg.webp
307,Testify,てすてぃふぁい,Void (Mournfinale) feat. 星熊南巫,178,1766,,Final Verdict,4,10.7,10.8,,,,,./ImageDatas/Testify.jpg.webp
308,Loveless Dress,らぶれすどれす,かねこちはる,99,850,,Silent Answer,4,9,9.6,,,,,./ImageDatas/Loveless Dress.jpg.webp
309,Last,らすと,onoken,175,831,,Silent Answer,4,9,9,,,,,./ImageDatas/Last.jpg.webp
310,Callima Karma,かりまかるま,t+pazolite vs Feryquitous,95,1222,,Silent Answer,4,9.7,9.8,,,,,./ImageDatas/Callima Karma.jpg.webp
311,"Infinite Strife,",インフィニット,BlackYooh vs. siromaru,198,1633,Tairitsu,Final Verdict,4,,,,,10.7,10.9,./ImageDatas/Infinite Strife.jpg.webp
312,魔王,まおう,sasakure.UK × TJ.hangneil,280,1661,Hikari,Final Verdict,4,,,,,11,11.2,./ImageDatas/World Ender.jpg.webp
313,Pentiment,ペンチ,Noting But Requiem with Museo,222,1741,Tairitsu,Final Verdict,4,,,,,11,11.4,./ImageDatas/Pentiment.jpg.webp
314,Arcana Eden,アルカナ,Team Grimoire vs sakuzyo vs Laur,211,2134,Tairitsu,Final Verdict,4,,,,,11,11.4,./ImageDatas/Arcana Eden.jpg.webp
315,Testify,てすてぃふぁい,Void (Mournfinale) feat. 星熊南巫,178,2221,,Final Verdict,4,,,,,12,12,./ImageDatas/Testify.jpg.webp
316,Last|Moment,らすともーめんと,onoken,175,888,,Final Verdict,4,,,,,9,9.6,./ImageDatas/Last_Moment.jpg.webp
317,Last|Eternity,らすとえたーにてぃ,onoken,175,790,,Final Verdict,4,,,,,9.7,9.7,./ImageDatas/Last_Eternity.jpg.webp
318,心,こころ,削除 (Violin：Katali),80,872,Hikari,O.N.G.E.K.I,4.01,9,9.3,,,,,./ImageDatas/Heart.jpg.webp
319,Ai Drew,あいどりゅう,Feryquitous,175,1066,Tairitsu,O.N.G.E.K.I,4.01,9.7,9.8,,,,,./ImageDatas/Ai Drew.jpg.webp
320,FLUFFY FLASH,ふるふら,Kobaryo,252,1329,Hikari,O.N.G.E.K.I,4.01,9.7,9.8,,,,,./ImageDatas/FLUFFY FLASH.jpg.webp
321,"Good bye, Merry-Go-Round. ",メリゴ,Yooh,185,1084,Tairitsu,O.N.G.E.K.I,4.01,10,10.5,,,,,"./ImageDatas/Good bye, Merry-Go-Round.jpg.webp"
322,LAMIA,らみあ,BlackY,199,1385,Tairitsu,O.N.G.E.K.I,4.01,10.7,10.9,,,,,./ImageDatas/LAMIA.jpg.webp
323,Free Myself,ふりーまいせるふ,lapix feat. mami,153,1132,Hikari,Memory Archive,4.01,10,10,,,,,./ImageDatas/Free Myself.jpg.webp
324,cocoro*cosmetic,こころこすめてぃっく,KOTONOHOUSE,144,1025,Hikari,Memory Archive,4.01,9,9.2,,,,,./ImageDatas/cocoro_cosmetic.jpg.webp
325,Capella,かぺら,ARForest,210,1159,Hikari,Memory Archive,4.01,10,10.2,,,,,./ImageDatas/Capella.jpg.webp
326,だいあるのーと,だいあるのーと,七草くりむ,130,684,Hikari,Arcaea,4.01,8.7,8.8,,,,,./ImageDatas/Dialnote.jpg.webp
327,FREEF4LL,ふりーふぉーる,YUKIYANAGI,170,1336,Tairitsu,Arcaea,4.01,,,,,9.7,9.8,./ImageDatas/FREEF4LL-b.jpg.webp
328,Party Vinyl,パーティヴァイナル,モリモリあつし,132,946,Hikari,Crimson Solace,4.01,,,,,10,10.1,./ImageDatas/Party Vinyl-b.jpg.webp
329,月に叢雲華に風,つきにむらくも,幽閉サテライト,160,740,Tairitsu,Extend Archive 2,4.02,8.7,8.7,,,,,./ImageDatas/Tsuki ni Murakumo.jpg.webp
330,MANTIS (Arcaea Ultra-Bloodrush VIP),まんてぃす,Akira Complex feat. Kiraku,135,1014,Tairitsu,Extend Archive 2,4.02,9,9.3,,,,,./ImageDatas/MANTIS (Arcaea Ultra-Bloodrush VIP).jpg.webp
331,World Fragments III(radio edit),わーるどふらぐめんと,xi,200,1387,Hikari,Extend Archive 2,4.02,9.7,9.8,,,,,./ImageDatas/World Fragments III(radio edit).jpg.webp
332,Astra walkthrough,アストラ,paraoka,225,1191,Tairitsu,Extend Archive 2,4.02,9.7,9.9,,,,,./ImageDatas/Astra walkthrough.jpg.webp
333,Chronicle,くろにくる,Lime,221,1264,Hikari,Extend Archive 2,4.02,10,10.4,,,,,./ImageDatas/Chronicle.jpg.webp
334,NULL APOPHENIA,ぬるあぽ,N2,177,1299,Tairitsu,Memory Archive,4.02,10,10.6,,,,,./ImageDatas/NULL APOPHENIA.jpg.webp
335,Crimson Throne,クリムゾン,Dimier√Lisb,210,1313,Tairitsu,Memory Archive,4.03,10,10.4,,,,,./ImageDatas/Crimson Throne.jpg.webp
336,Manic Jeer,マニック,ルゼ,195,1286,Tairitsu,Memory Archive,4.03,10,10.6,,,,,./ImageDatas/Manic Jeer.jpg.webp
337,緋色月下、狂咲ノ絶 (nayuta 2017 ver.),緋色月下,nayuta x 黒鳥(EastNewSound),150,1126,Tairitsu,Memory Archive,4.03,10,10.3,,,,,"./ImageDatas/Hiiro Gekka, Kyoushou no Zetsu (nayuta 2017 ver.).jpg.webp"
338,Let's Rock (Arcaea mix),れっつろっく,ikaruga nex vs FALCHiON,210,1177,Tairitsu,Extend Archive 2,4.03,9.7,9.7,,,,,./ImageDatas/Let's Rock (Arcaea mix).jpg.webp
339,CYCLES,さいくるず,Masayoshi Minoshima feat. 綾倉盟,135,695,Hikari,maimai,4.03,8.7,8.8,,,,,./ImageDatas/CYCLES.jpg
340,MAXRAGE,まっくすれいじ,EBIMAYO,222,1184,Tairitsu,maimai,4.03,9.7,9.9,,,,,./ImageDatas/MAXRAGE.jpg.webp
341,[X],インフィニティー,Blacklolita,180,1190,Tairitsu,maimai,4.03,10,10.4,,,,,./ImageDatas/[X].jpg.webp
342,TEmPTaTiON,テンプテ,かねこちはる,160,1099,Hikari,maimai,4.03,10.7,10.9,,,,,./ImageDatas/TEmPTaTiON.jpg.webp
343,PRIMITIVE LIGHTS,プリライ,TAG,205,1524,Hikari,Memory Archive,4.03,10.7,10.7,,,,,./ImageDatas/PRIMITIVE LIGHTS.jpg.webp
344,妖艶魔女 -trappola bewitching-,妖艶,gmtn.,190,1086,Tairitsu,Vicious Labyrinth,4.03,,,,,10,10.5,./ImageDatas/trappola bewitching-b.jpg.webp
345,Shades of Light in a Transcendent Realm,さですおぶらいといんとらんせんでんとれるむ,ak+q,170,1042,Hikari,Arcaea,4.03,,,,,9,9,./ImageDatas/Shades of Light in a Transcendent Realm-b.jpg.webp
346,コスモポップファンクラブ,こすもぽっぷふぁんくらぶ,ナユタン星人,129,809,Hikari,CHUNITHM,4.04,8.7,8.8,,,,,./ImageDatas/Cosmo Pop Funclub.jpg.webp
347,IMPACT,いんぱくと,USAO feat. 光吉猛修,210,1231,Hikari,CHUNITHM,4.04,9,9.6,,,,,./ImageDatas/IMPACT.jpg.webp
348,Genesis,ウニジェネシス,Morringan feat.Lily,150,867,Tairitsu,CHUNITHM,4.04,9.7,9.9,,,,,./ImageDatas/Genesis_Chunithm.jpg.webp
349,Trrrickstars!!,トリスタ,s-don vs 翡乃イスカ,155,1183,Tairitsu,CHUNITHM,4.04,10,10.1,,,,,./ImageDatas/Trrricksters!!.jpg.webp
350,蜘蛛の糸,くものいと,きくお×cosMo@暴走P feat.影縫英,180,1203,Tairitsu,CHUNITHM,4.04,10.7,10.8,,,,,./ImageDatas/Spider's Thread.jpg.webp
351,Lost Emotion feat. nomico,ろすとえもーしょん,Masayoshi Minoshima(ALR),172,1123,Hikari,Extend Archive 2,4.04,9,9.3,,,,,./ImageDatas/Lost Emotion feat. nomico.jpg.webp
352,GIMMICK,ぎみっく,Ms.Sill,143,733,Tairitsu,Extend Archive 2,4.04,9,9.5,,,,,./ImageDatas/GIMMICK.jpg
353,The Survivor (Game Edit),ざさばいばー,Taishi,132,1100,Tairitsu,Memory Archive,4.04,9.7,9.9,,,,,./ImageDatas/The Survivor (Game Edit).jpg.webp
354,New York Back Raise,ニューヨーク,saaa + kei_iwata + stuv + わかどり,160,1091,Tairitsu,Memory Archive,4.04,9.7,9.9,,,,,./ImageDatas/New York Back Raise.jpg.webp
355,Galactic Love,ぎゃらくてぃっくらぶ,La priere,145,813,Hikari,Memory Archive,4.04,9,9,,,,,./ImageDatas/Galactic Love.jpg.webp
356,無法地点,むほうちてん,La priere,148,838,Hikari,Extend Archive 2,4.04,9,9,,,,,./ImageDatas/Lawless Point.jpg.webp
357,Lost in the Abyss,ろすといんざあびす,FELT,183,1179,Tairitsu,Memory Archive,4.04,9.7,9.7,,,,,./ImageDatas/Lost in the Abyss.jpg.webp
358,ヒュブリスの頂に聳えるのは,ヒュブリス,qfeileadh feat.のあ,158,1196,Tairitsu,Extend Archive 2,4.04,9.7,9.8,,,,,./ImageDatas/Hybris (The one who shattered).jpg.webp
359,To the Milky Way,天の川,黒魔,186,1392,Hikari,Memory Archive,4.04,10,10.5,,,,,./ImageDatas/To the Milky Way.jpg.webp
360,Teriqma,てりくま,owl*tree,128,954,Tairitsu,Memory Archive,4.04,,,,,9.7,9.7,./ImageDatas/Teriqma.jpg.webp
361,IMPACT,いんぱくと,USAO feat. 光吉猛修,210,1392,Hikari,CHUNITHM,4.04,,,,,10,10.4,./ImageDatas/IMPACT.jpg.webp
362,INTERNET YAMERO,いんたーねっとやめろ,Aiobahn feat. KOTOKO,185,1222,Tairitsu,Memory Archive,4.05,9.7,9.9,,,,,./ImageDatas/INTERNET YAMERO.jpg.webp
363,Bullet Waiting for Me (James Landino remix),ばれっとうぇいてぃんぐふぉーみー,Nikki Simmons,107,701,Hikari,Cytus II,4.05,8,8.1,,,,,./ImageDatas/Bullet Waiting for Me (James Landino remix).jpg.webp
364,Devillic Sphere,デビリック,3R2,160,1129,Tairitsu,Cytus II,4.05,9.7,9.9,,,,,./ImageDatas/Devillic Sphere.jpg.webp
365,Lucid Traveler,るしっど,Akira Complex vs 3R2,200,1341,Tairitsu,Cytus II,4.05,10,10.4,,,,,./ImageDatas/Lucid Traveler_FTR.jpg.webp
366,CHAOS,かおす,AEsir,150,1369,Tairitsu,Cytus II,4.05,10.7,10.9,,,,,./ImageDatas/CHAOS.jpg.webp
367,Used to be,ゆーずととぅーびー,KIVA,140,799,Hikari,Cytus II,4.05,9,9.2,,,,,./ImageDatas/Used to be.jpg.webp
368,Ultimate taste,あるてめっとていすと,ぱらどっと,200,1405,Hikari,Extend Archive 2,4.06,9.7,9.7,,,,,./ImageDatas/Ultimate taste.jpg.webp
369,syuten,しゅうてん,"Apo11o""COLLAPSAR"" program ft. 大瀬良あい",96,592,Hikari,Cytus II,4.06,8,8.5,,,,,./ImageDatas/syūten.jpg.webp
370,DRG,でぃーあーるじー,onoken,155,872,Hikari,Cytus II,4.06,9,9.5,,,,,./ImageDatas/DRG.jpg.webp
371,99 Glooms,きゅうじゅうきゅうぐるーもす,Sta,185,1294,Tairitsu,Cytus II,4.06,10,10.3,,,,,./ImageDatas/99 Glooms.jpg.webp
372,II,つー,Cytus,150,1051,Tairitsu,Cytus II,4.06,10.7,10.8,,,,,./ImageDatas/Ⅱ.jpg.webp
373,Magnolia,まぐのりあ,M2U Vocal by Guriri,160,895,Hikari,Cytus II,4.06,10,10.2,,,,,./ImageDatas/Magnolia.jpg.webp
374,SACRIFICE feat. ayame,さくりふぁいす,Masayoshi Minoshima(ALR),180,958,Tairitsu,Memory Archive,4.07,9.7,9.7,,,,,./ImageDatas/SACRIFICE feat. ayame.jpg.webp
375,RGB,あーるじーびー,MEMODEMO X AQUASINE,163,1131,Hikari,Extend Archive 2,4.07,9.7,9.7,,,,,./ImageDatas/RGB.jpg.webp
376,WAIT FOR DAWN,うぇいとふぉーだうん,U-ske feat. 棗いつき,188,861,Hikari,Lasting Eden,4.07,8.7,8.7,,,,,./ImageDatas/WAIT FOR DAWN.jpg.webp
377,レイヴンズ・プライド,れいヴんずぷらいど,みーに feat. はらもりよしな,165,1030,Tairitsu,Lasting Eden,4.07,9,9.4,,,,,./ImageDatas/Raven's Pride.jpg.webp
378,Rise of the World,らいずおぶざわーるど,cosMo@暴走P,212,1176,Hikari,Lasting Eden,4.07,10,10.4,,,,,./ImageDatas/Rise of the World.jpg.webp
379,UNKNOWN LEVELS,あんのうんれべるず,Yuta Imai,165,1149,Tairitsu,Lasting Eden,4.07,10,10.6,,,,,./ImageDatas/UNKNOWN LEVELS.jpg.webp
380,Abstruse Dilenmma,ジレンマ,Ashrount vs. 打打だいず,216,1467,Hikari,Lasting Eden,4.07,11,11.1,,,,,./ImageDatas/Abstruse Dilemma.jpg.webp
381,感情の摩天楼 ～Arr.Demetori,摩天楼,Demetori,178,1294,Tairitsu,Extend Archive 2,4.07,9.7,9.8,,,,,./ImageDatas/Kanjou no matenrou ～Arr.Demetori.jpg.webp
382,彼方の夢へと,かなたのゆめへと,ii/night feat. 綺良雪,183,1102,,Memory Archive,4.07,9.7,9.8,,,,,./ImageDatas/To the Furthest Dream.jpg.webp
383,Remind the Souls (Short Version),りまいんどざそうる,Nhato,130,945,Hikari,Arcaea,5,9,9.5,,,,,./ImageDatas/Remind the Souls (Short Version).jpg.webp
384,Dynitikos,だいにてぃこす,Prower,180,986,Tairitsu,Extend Archive 2,5,9,9.5,,,,,./ImageDatas/Dynitikos.jpg.webp
385,雨神楽,あまかぐら,荒谷サトル,105,1076,Hikari,Extend Archive 2,5,9.7,9.9,,,,,./ImageDatas/Amekagura.jpg.webp
386,B.B.K.K.B.K.K.,ベースキック,nora2r,170,976,Tairitsu,Memory Archive,5,9.7,9.7,,,,,./ImageDatas/B.B.K.K.B.K.K..jpg
387,Primeval Texture,ぷりめばるてくすちゃー,くるぶっこちゃん,120,810,Tairitsu,Severed Eden,5,9,9,,,,,./ImageDatas/Primeval Texture.jpg.webp
388,Technicolour,てくにからー,Maozon,175,1140,Hikari,Severed Eden,5,9.7,9.8,,,,,./ImageDatas/Technicolour.jpg.webp
389,Logos,ろごす,polysha feat. 高城みよ,189,1040,Tairitsu,Severed Eden,5,10,10.1,,,,,./ImageDatas/Logos.jpg.webp
390,Ego Eimi,えごえいみ,BlackY feat. Risa Yuzuki,178,1223,Tairitsu,Severed Eden,5,10,10.5,,,,,./ImageDatas/Ego Eimi.jpg.webp
391,Arghena,アゲナ,Feryquitous vs Laur,185,1444,Tairitsu,Severed Eden,5,11,11.3,,,,,./ImageDatas/Arghena.jpg.webp
392,FANTA5Y,ふぁいんたじー,Moon Jelly & YUKIYANAGI,170,965,Hikari,Extend Archive 2,5.01,9,9.4,,,,,./ImageDatas/FANTA5Y.jpg.webp
393,Transient Space,とらんせんとすぺーす,"sleepless, Gardens, aspect",132,805,Tairitsu,Severed Eden,5.01,9,9.5,,,,,./ImageDatas/Transient Space.jpg.webp
394,Nameless Passion,ねーむれすぱっしょん,天束 feat.Sennzai,200,1223,Tairitsu,Severed Eden,5.01,9.7,9.9,,,,,./ImageDatas/Nameless Passion.jpg.webp
395,TeraVolt,てらぼると,Katali,154,1008,Tairitsu,Severed Eden,5.01,10.7,10.9,,,,,./ImageDatas/TeraVolt.jpg.webp
396,Stratoliner,ストラトライナー,C-Show,175,877,Tairitsu,WACCA,5.02,9,9.6,,,,,./ImageDatas/Stratoliner.jpg.webp
397,Ouverture,おーばーとぅるー,USAO & DJ Genki feat. ルーン(CV:河瀬茉希),200,913,Tairitsu,WACCA,5.02,9.7,9.8,,,,,./ImageDatas/Ouvertüre.jpg.webp
398,XTREME,エクストリーム,USAO,205,1258,Tairitsu,WACCA,5.02,10,10.5,,,,,./ImageDatas/XTREME.jpg.webp
399,eden,エデン,"”漆黒”の堕天使《Gram》♰Versus♰""聖刻""の熾天使《Gram》",246,1365,Tairitsu,WACCA,5.02,10,10.5,,,,,./ImageDatas/eden.jpg.webp
400,Meta-Mysteria,メタミス,DJ Noriken,205,1309,Hikari,WACCA,5.02,10.7,10.8,,,,,./ImageDatas/Meta-Mysteria.jpg.webp
401,アローンアンドローン,アローン,Ponchi♪ feat.はぁち,100,970,Hikari,Extend Archive 2,5.02,9,9.6,,,,,./ImageDatas/Alone & Lorn.jpg.webp
402,Wish Upon a Snow,願い雪,打打だいず,218,1309,Hikari,Memory Archive,5.02,10,10.5,,,,,./ImageDatas/Wish Upon a Snow.jpg.webp
403,患部で止まってすぐ溶ける　～狂気の優曇華院,患部,ARM＋夕野ヨシミ(IOSYS) feat. Miko,200,1108,Hikari,Memory Archive,5.02,10,10,,,,,./ImageDatas/Kanbu de Tomatte Sugu Tokeru.jpg.webp
404,felys final remix,ふぇりみ,onoken,180,1130,Tairitsu,Extend Archive 2,5.02,9,9.5,,,,,./ImageDatas/felys final remix.jpg.webp
405,On And On!! Feat. Jenga,OAO,ETIA.,170,836,Hikari,Extend Archive 2,5.02,9,9.5,,,,,./ImageDatas/On And On!! feat. Jenga.jpg.webp
406,LIVHT MY WΔY,,かめりあ feat. STΔRLIVHT,190,954,Tairitsu,Memory Archive,5.02,9.7,9.8,,,,,./ImageDatas/LIVHT MY W_Δ_Y.jpg.webp
407,蛍火の雪,蛍火,Endorfin.,159,991,Hikari,Sunset Radiance,5.02,9.7,9.7,,,,,./ImageDatas/Hotarubi no Yuki.jpg.webp
408,The Formula,,Junk,144,957,Hikari,Arcaea,5.03,9,9.3,,,,,./ImageDatas/The Formula.jpg.webp
409,Luna Rossa,,r0y,174,920,Tairitsu,Memory Archive,5.03,9.7,9.7,,,,,./ImageDatas/Luna Rossa.jpg.webp
410,inkar-usi,いんかるし,DIA,102,857,Hikari,Arcaea,5.03,,,,,9,9.4,./ImageDatas/inkar-usi-b.jpg.webp
411,Oblivia,おぶりびあ,Saiph,180,1021,Hikari,Arcaea,5.03,,,,,9.7,9.7,./ImageDatas/Oblivia-b.jpg.webp
412,Cybernecia Catharsis,サイバネシア,Tanchiky,184,991,Tairitsu,Arcaea,5.03,,,,,9.7,9.8,./ImageDatas/Cybernecia Catharsis-b.jpg.webp
413,Libertas,りべるたす,Zekk,184,1048,Hikari,Memory Archive,5.03,,,,,10,10.5,./ImageDatas/Libertas-b.jpg.webp
414,Purple Verse,ぱーぷるばーす,Hommarju,170,1202,Tairitsu,Arcaea,5.03,,,,,10,10.6,./ImageDatas/Purple Verse-b.jpg.webp
415,Einherjar Joker,えいんへりあるじょーかー,DJ Genki vs Gram,222,1857,Tairitsu,Memory Archive,5.03,,,,,10.7,10.9,./ImageDatas/Einherjar Joker-b.jpg.webp
416,Vicious [ANTi] Heroism,ヴィシャスアンチ,Kobaryo,271,1772,Tairitsu,Absolute Reason,5.03,,,,,11,11.1,./ImageDatas/Vicious Heroism-b.jpg.webp
417,Sayonara Hatsukoi,,REDSHiFT,178,728,Hikari,Arcaea,5.04,,,8,8.5,,,./ImageDatas/Sayonara Hatsukoi.jpg.webp
418,クロートーと星の観測者,,しーけー,230,1031,Hikari,Arcaea,5.04,,,8.7,8.8,,,./ImageDatas/Clotho and the stargazer.jpg.webp
419,Suomi,,Aire,125,732,Hikari,Arcaea,5.04,,,8.7,8.9,,,./ImageDatas/Suomi.jpg.webp
420,Jingle,,DJ Noriken,170,848,Hikari,Arcaea,5.04,7.7,7.8,,,,,./ImageDatas/Jingle.jpg.webp
421,Jingle,,DJ Noriken,170,1047,Hikari,Arcaea,5.04,,,9,9.5,,,./ImageDatas/Jingle.jpg.webp
422,Innocence,,Powerless feat. Sennzai,190,1023,Hikari,Memory Archive,5.04,8,8.5,,,,,./ImageDatas/Innocence.jpg.webp
423,Innocence,,Powerless feat. Sennzai,190,1157,Hikari,Memory Archive,5.04,,,9.7,9.7,,,./ImageDatas/Innocence.jpg.webp
424,IONOSTREAM,,Tatsh,254,818,Tairitsu,Memory Archive,5.04,8.7,8.7,,,,,./ImageDatas/IONOSTREAM.jpg.webp
425,IONOSTREAM,,Tatsh,254,871,Tairitsu,Memory Archive,5.04,,,9.7,9.7,,,./ImageDatas/IONOSTREAM.jpg.webp
426,Aleph-0,,LeaF,400,919,Tairitsu,Extend Archive 2,5.04,10,10.5,,,,,./ImageDatas/Aleph-0.jpg.webp
427,Masquerade Legion,,Srav3R & DJ Noriken,175,1064,Tairitsu,Memory Archive,5.04,10,10,,,,,./ImageDatas/Masquerade Legion.jpg.webp
428,狂恋ROMANCE,,REDALiCE vs DJ Myosuke feat. DELUTAYA,205,1519,Tairitsu,Memory Archive,5.04,10.7,10.7,,,,,./ImageDatas/KYOREN ROMANCE.jpg.webp
429,Qovat,,owl*tree,122,1299,Tairitsu,Memory Archive,5.04,10,10.6,,,,,./ImageDatas/Qovat.jpg.webp
430,HELLOHELL,へろーへる,暁Records,155,673,Tairitsu,World Extend 3,5.05,7,7.5,,,,,./ImageDatas/HELLOHELL.jpg.webp
431,HELLOHELL,へろーへる,暁Records,155,770,Tairitsu,World Extend 3,5.05,,,9,9.4,,,./ImageDatas/HELLOHELL.jpg.webp
432,〇、,,Kolla & 熊子,145,708,Hikari,World Extend 3,5.05,9,9.5,,,,,./ImageDatas/〇、.jpg
433,Awaken In Ruins,,Supa7onyz,125,754,Tairitsu,World Extend 3,5.05,9.7,9.9,,,,,./ImageDatas/Awaken In Ruins.jpg.webp
434,MORNINGLOOM,,saaa,102,940,Hikari,World Extend 3,5.05,8.7,8.8,,,,,./ImageDatas/MORNINGLOOM.jpg.webp
435,MORNINGLOOM,,saaa,102,1035,Hikari,World Extend 3,5.05,,,9.7,9.8,,,./ImageDatas/MORNINGLOOM.jpg.webp
436,Lethal Voltage,,siqlo,190,1497,Tairitsu,World Extend 3,5.05,10,10.4,,,,,./ImageDatas/Lethal Voltage.jpg.webp
437,MIRINAE,,TAK × Zekk,180,1277,Hikari,Memory Archive,5.05,10,10.5,,,,,./ImageDatas/MIRINAE.jpg.webp
438,ultradiaxon-N3,,nitro(lowiro),150,1228,Tairitsu,Memory Archive,5.05,10,10.5,,,,,./ImageDatas/ultradiaxon-N3.jpg.webp
439,Leave All Behind,,rider,150,828,Tairitsu,World Extend 3,5.06,9,9.2,,,,,./ImageDatas/Leave All Behind.jpg.webp
440,Distorted Fate,,Sakuzyo,150,1172,Tairitsu,Memory Archive,5.06,9,9.6,,,,,./ImageDatas/Distorted Fate.jpg.webp
441,Distorted Fate,,Sakuzyo,150,1402,Tairitsu,Memory Archive,5.06,,,10.7,10.9,,,./ImageDatas/Distorted Fate.jpg.webp
442,Floating World,,baker feat. botan,174,1047,Hikari,Memory Archive,5.06,9,9.3,,,,,./ImageDatas/Floating World.jpg.webp
443,Chromafill,,ていぬ,179,1130,Hikari,Memory Archive,5.06,10,10,,,,,./ImageDatas/Chromafill.jpg.webp
444,Desive,,MisomyL,230,1273,Hikari,Memory Archive,5.06,9.7,9.9,,,,,./ImageDatas/Desive.jpg.webp
445,Desive,,MisomyL,230,1340,Hikari,Memory Archive,5.06,,,10.7,10.8,,,./ImageDatas/Desive.jpg.webp
446,エピクロスの虹はもう見えない,,SYNC.ART'S feat.Misato,155,783,Hikari,Arcaea,5.07,7,7.5,,,,,./ImageDatas/Epicurus.webp
447,エピクロスの虹はもう見えない,,SYNC.ART'S feat.Misato,155,884,Hikari,Arcaea,5.07,,,8.7,8.8,,,./ImageDatas/Epicurus.webp
448,黄昏の協奏曲,,Scarlette,194,803,Tairitsu,Memory Archive,5.07,9,9.5,,,,,./ImageDatas/Tasogare.webp
449,黄昏の協奏曲,,Scarlette,194,962,Tairitsu,Memory Archive,5.07,,,10,10.4,,,./ImageDatas/Tasogare.webp
450,Old School Salvage,,DJ SHARPNEL,205,1316,Tairitsu,World Extend 3,5.07,9.7,9.8,,,,,./ImageDatas/Old_school_salvage.webp
451,Beautiful Dreamer,,M-Project,188,1139,Hikari,Memory Archive,5.07,9.7,9.9,,,,,./ImageDatas/Beautiful_dreamer.webp
452,Back to Basics,,m1dy,420,1544,Tairitsu,Memory Archive,5.07,10,10.5,,,,,./ImageDatas/Back_to_basics.webp
